,temperature,light_intensity,light_dark_ratio,reactor_type,fermentation_mode,open_close_system,reactor_volume,reaction_volume,initial_OD,special_growth,no3_conc,phosphate_conc,co2_perc,air_bubbling,bubbling_speed (ml/min),hco3_conc,nacl_conc,medium_pH,substrate2,substrate2_conc(mg/L),substrate2_enthalpyFormation,genetic_wt,promoterInducer,inducerConc,product,numberC,numberH,numberN,numberO,product_enthalpyFormation,productExporter,cofactorEnhance,pathwayOptimized,growth_rate,production_rate,species,product permeability,paper,genetic_mutation,genetic_knockoutSteps,genetic_heterologousInsertion,genetic_precursor,genetic_enzymaticSteps,genetic_heterologousSteps,OE_nativeSteps,ko genes,ox genes,cultivation_time,OD,product_titer
se54,37,100,0,2-cylindricalPBR,2-fed-batch,1-open,55,20,0.8,na,247,5.43,3,1,na,50,0,na,na,0,na,0,na,0,isoprene,5,8,0,0,47.3,0,0,1,0.055875007,1.556670956,pcc7942,e,53,0,0,1-genomic,"Pyruvate, G3P",9,2,2,na,"idi,isps,dxs.ispg",72,6.178733653,200.4606326
SE52,37,100,0,2-cylindricalPBR,2-fed-batch,1-open,55,20,0.8,na,247,5.43,3,1,na,50,0,na,na,0,na,0,IPTG,1,isoprene,5,8,0,0,47.3,0,0,1,0.048872349,2.496159825,pcc7942,e,53,0,0,1-genomic,"Pyruvate, G3P",9,2,2,na,"idi,isps,dxs.ispg",504,6.460773294,1258.064552
SE52,37,100,0,2-cylindricalPBR,2-fed-batch,1-open,55,20,0.8,na,247,5.43,3,1,na,50,0,na,na,0,na,0,IPTG,1,isoprene,5,8,0,0,47.3,0,0,1,0.048872349,2.496159825,pcc7942,e,53,0,0,1-genomic,"Pyruvate, G3P",9,2,2,na,"idi,isps,dxs.ispg",72,8.076221485,307.6036028
SE52,37,100,0,2-cylindricalPBR,2-fed-batch,1-open,55,20,0.8,na,247,5.43,3,1,na,50,0,na,na,0,na,0,IPTG,1,isoprene,5,8,0,0,47.3,0,0,1,0.048872349,2.496159825,pcc7942,e,53,0,0,1-genomic,"Pyruvate, G3P",9,2,2,na,"idi,isps,dxs.ispg",432,8.98942098,1226.958559
SE52,37,100,0,2-cylindricalPBR,2-fed-batch,1-open,55,20,0.8,na,247,5.43,3,1,na,50,0,na,na,0,na,0,IPTG,1,isoprene,5,8,0,0,47.3,0,0,1,0.048872349,2.496159825,pcc7942,e,53,0,0,1-genomic,"Pyruvate, G3P",9,2,2,na,"idi,isps,dxs.ispg",360,9.399759605,1164.746415
SE52,37,100,0,2-cylindricalPBR,2-fed-batch,1-open,55,20,0.8,na,247,5.43,3,1,na,50,0,na,na,0,na,0,IPTG,1,isoprene,5,8,0,0,47.3,0,0,1,0.048872349,2.496159825,pcc7942,e,53,0,0,1-genomic,"Pyruvate, G3P",9,2,2,na,"idi,isps,dxs.ispg",288,9.484041996,1061.059771
SE52,37,100,0,2-cylindricalPBR,2-fed-batch,1-open,55,20,0.8,na,247,5.43,3,1,na,50,0,na,na,0,na,0,IPTG,1,isoprene,5,8,0,0,47.3,0,0,1,0.048872349,2.496159825,pcc7942,e,53,0,0,1-genomic,"Pyruvate, G3P",9,2,2,na,"idi,isps,dxs.ispg",144,10.27746703,656.6818629
SE52,37,100,0,2-cylindricalPBR,2-fed-batch,1-open,55,20,0.8,na,247,5.43,3,1,na,50,0,na,na,0,na,0,IPTG,1,isoprene,5,8,0,0,47.3,0,0,1,0.048872349,2.496159825,pcc7942,e,53,0,0,1-genomic,"Pyruvate, G3P",9,2,2,na,"idi,isps,dxs.ispg",216,10.55642744,915.898471
se54,37,100,0,2-cylindricalPBR,2-fed-batch,1-open,55,20,0.8,na,247,5.43,3,1,na,50,0,na,na,0,na,0,na,0,isoprene,5,8,0,0,47.3,0,0,1,0.055875007,1.556670956,pcc7942,e,53,0,0,1-genomic,"Pyruvate, G3P",9,2,2,na,"idi,isps,dxs.ispg",144,10.55642744,421.6589103
se54,37,100,0,2-cylindricalPBR,2-fed-batch,1-open,55,20,0.8,na,247,5.43,3,1,na,50,0,na,na,0,na,0,na,0,isoprene,5,8,0,0,47.3,0,0,1,0.055875007,1.556670956,pcc7942,e,53,0,0,1-genomic,"Pyruvate, G3P",9,2,2,na,"idi,isps,dxs.ispg",216,12.06900147,539.1705448
se54,37,100,0,2-cylindricalPBR,2-fed-batch,1-open,55,20,0.8,na,247,5.43,3,1,na,50,0,na,na,0,na,0,na,0,isoprene,5,8,0,0,47.3,0,0,1,0.055875007,1.556670956,pcc7942,e,53,0,0,1-genomic,"Pyruvate, G3P",9,2,2,na,"idi,isps,dxs.ispg",288,12.39658934,608.2948682
se54,37,100,0,2-cylindricalPBR,2-fed-batch,1-open,55,20,0.8,na,247,5.43,3,1,na,50,0,na,na,0,na,0,na,0,isoprene,5,8,0,0,47.3,0,0,1,0.055875007,1.556670956,pcc7942,e,53,0,0,1-genomic,"Pyruvate, G3P",9,2,2,na,"idi,isps,dxs.ispg",360,12.84724972,677.4191915
se54,37,100,0,2-cylindricalPBR,2-fed-batch,1-open,55,20,0.8,na,247,5.43,3,1,na,50,0,na,na,0,na,0,na,0,isoprene,5,8,0,0,47.3,0,0,1,0.055875007,1.556670956,pcc7942,e,53,0,0,1-genomic,"Pyruvate, G3P",9,2,2,na,"idi,isps,dxs.ispg",504,12.84724972,784.5621617
se54,37,100,0,2-cylindricalPBR,2-fed-batch,1-open,55,20,0.8,na,247,5.43,3,1,na,50,0,na,na,0,na,0,na,0,isoprene,5,8,0,0,47.3,0,0,1,0.055875007,1.556670956,pcc7942,e,53,0,0,1-genomic,"Pyruvate, G3P",9,2,2,na,"idi,isps,dxs.ispg",432,12.96245442,746.5438313
bg100,32,100,0,na,1-batch,1-open,na,na,0.3,na,247,5.43,2,0,na,0,100,8.3,na,0,na,0,IPTG,1,sucrose,12,22,0,11,-2221.2,1,0,1,na,0.002082542,pcc7942,e,54,0,0,1-genomic,G3P,2,0,0,na,na,9,na,0.018742882
bg150,32,100,0,na,1-batch,1-open,na,na,0.3,na,247,5.43,2,0,na,0,150,8.3,na,0,na,0,IPTG,1,sucrose,12,22,0,11,-2221.2,1,0,1,na,0.008939684,pcc7942,e,54,0,0,1-genomic,G3P,2,0,0,na,na,9,na,0.080457157
bg200,32,100,0,na,1-batch,1-open,na,na,0.3,na,247,5.43,2,0,na,0,200,8.3,na,0,na,0,IPTG,1,sucrose,12,22,0,11,-2221.2,1,0,1,na,0.015441269,pcc7942,e,54,0,0,1-genomic,G3P,2,0,0,na,na,9,na,0.138971418
hydA,30,na,0,na,1-batch,2-close,50,10,0.1,na,247,5.43,2.5,0,na,0,na,8,na,0,na,0,IPTG,0,hydrogen,0,2,0,0,0,0,0,0,na,na,pcc7942,i,55,0,0,1-genomic,electron,3,1,0,na,hyda,na,na,0.002
hydA,30,na,0,na,1-batch,2-close,50,10,0.1,na,247,5.43,2.5,0,na,0,na,8,na,0,na,0,IPTG,1,hydrogen,0,2,0,0,0,0,0,0,na,na,pcc7942,i,55,0,0,1-genomic,electron,3,1,0,na,hyda,na,na,0.008
hydA SFD,30,na,0,na,1-batch,2-close,50,10,0.1,na,247,5.43,2.5,0,na,0,na,8,na,0,na,0,IPTG,1,hydrogen,0,2,0,0,0,0,0,0,na,na,pcc7942,i,55,0,0,1-genomic,electron,3,1,0,na,"hyda,S. elongtaus ferredoxins",na,na,0.0096
hydA CFD,30,na,0,na,1-batch,2-close,50,10,0.1,na,247,5.43,2.5,0,na,0,na,8,na,0,na,0,IPTG,1,hydrogen,0,2,0,0,0,0,0,1,na,na,pcc7942,i,55,0,0,1-genomic,electron,3,1,0,na,"hyda,Clostridial ferredoxin",na,na,0.014
cscb,35,65,0,na,1-batch,1-open,na,na,na,na,247,5.43,2,0,na,0,200,8.9,na,0,na,0,IPTG,1,sucrose,12,22,0,11,-2221.2,1,0,1,,16.75660572,pcc7942,e,56,0,0,1-genomic,glycogen,4,1,0,na,cscb,168,1.531579183,2815.109761
cscb,35,65,0,na,1-batch,1-open,na,na,na,na,247,5.43,2,0,na,0,150,8.9,na,0,na,0,IPTG,1,sucrose,12,22,0,11,-2221.2,1,0,1,,28.6072774,pcc7942,e,56,0,0,1-genomic,glycogen,4,1,0,na,cscb,72,1.689474377,484.8645908
cscb,35,65,0,na,1-batch,1-open,na,na,na,na,247,5.43,2,0,na,0,150,8.9,na,0,na,0,IPTG,1,sucrose,12,22,0,11,-2221.2,1,0,1,,8.572145358,pcc7942,e,56,0,0,1-genomic,glycogen,4,1,0,na,cscb,168,2.573684279,1440.12042
cscb,35,65,0,na,1-batch,1-open,na,na,na,na,247,5.43,2,0,na,0,100,8.9,na,0,na,0,IPTG,1,sucrose,12,22,0,11,-2221.2,1,0,1,,7.796775367,pcc7942,e,56,0,0,1-genomic,glycogen,4,1,0,na,cscb,168,3.189473654,1309.858262
cscb,35,65,0,na,1-batch,1-open,na,na,na,na,247,5.43,2,0,na,0,0,8.9,na,0,na,0,IPTG,1,sucrose,12,22,0,11,-2221.2,1,0,1,,0.516913328,pcc7942,e,56,0,0,1-genomic,glycogen,4,1,0,na,cscb,168,4.62631601,86.84143903
cscb invako,35,65,0,na,1-batch,1-open,na,na,na,na,247,5.43,2,0,na,0,150,8.9,na,0,na,0,IPTG,1,sucrose,12,22,0,11,-2221.2,1,0,1,na,32.57214458,pcc7942,e,56,0,1,1-genomic,glycogen,4,1,0,inva,cscb,72,na,na
cscb glgcko,35,65,0,na,1-batch,1-open,na,na,na,na,247,5.43,2,0,na,0,150,8.9,na,0,na,0,IPTG,1,sucrose,12,22,0,11,-2221.2,1,0,1,na,30.26348806,pcc7942,e,56,0,1,1-genomic,glycogen,4,1,0,glgck,cscb,72,na,na
cacb inva glgcko,35,65,0,na,1-batch,1-open,na,na,na,na,247,5.43,2,0,na,0,150,8.9,na,0,na,0,IPTG,1,sucrose,12,22,0,11,-2221.2,1,0,1,na,36.18569512,pcc7942,e,56,0,2,1-genomic,glycogen,4,1,0,"inva,glgck",cscb,72,na,na
cscb galu,35,65,0,na,1-batch,1-open,na,na,na,na,247,5.43,2,0,na,0,150,8.9,na,0,na,0,IPTG,1,sucrose,12,22,0,11,-2221.2,1,0,1,na,22.58469317,pcc7942,e,56,0,0,1-genomic,glycogen,4,2,0,na,"cscb,galu",72,na,na
cscb glgp,35,65,0,na,1-batch,1-open,na,na,na,na,247,5.43,2,0,na,0,150,8.9,na,0,na,0,IPTG,1,sucrose,12,22,0,11,-2221.2,1,0,1,na,25.29485607,pcc7942,e,56,0,0,1-genomic,glycogen,4,2,0,na,"cscb,glgp",72,na,na
N deficient,30,40,0,na,1-batch,1-open,na,na,0.6,na,0,5.43,na,na,na,na,0,na,na,0,na,1,na,0,heptadecane,17,36,0,0,-30000,0,0,0,na,0.002276715,pcc7942,i,57,0,0,na,acyl-ACP,1,0,0,na,na,24,na,0.054641171
N deficient,30,40,0,na,1-batch,1-open,na,na,0.6,na,0,5.43,na,na,na,na,0,na,na,0,na,1,na,0,heptadecane,17,36,0,0,-30000,0,0,0,na,0.002276715,pcc7942,i,57,0,0,na,acyl-ACP,1,0,0,na,na,48,na,0.048418686
N deficient,30,40,0,na,1-batch,1-open,na,na,0.6,na,0,5.43,na,na,na,na,0,na,na,0,na,1,na,0,heptadecane,17,36,0,0,-30000,0,0,0,na,0.002276715,pcc7942,i,57,0,0,na,acyl-ACP,1,0,0,na,na,72,na,0.046863072
N deficient,30,40,0,na,1-batch,1-open,na,na,0.6,na,0,5.43,na,na,na,na,0,na,na,0,na,1,na,0,heptadecane,17,36,0,0,-30000,0,0,0,na,0.002276715,pcc7942,i,57,0,0,na,acyl-ACP,1,0,0,na,na,96,na,0.043168467
N deficient,30,40,0,na,1-batch,1-open,na,na,0.6,na,0,5.43,na,na,na,na,0,na,na,0,na,1,na,0,heptadecane,17,36,0,0,-30000,0,0,0,na,0.002276715,pcc7942,i,57,0,0,na,acyl-ACP,1,0,0,na,na,120,na,0.034029203
N deficient,30,40,0,na,1-batch,1-open,na,na,0.6,na,0,5.43,na,na,na,na,0,na,na,0,na,1,na,0,heptadecane,17,36,0,0,-30000,0,0,0,na,0.002276715,pcc7942,i,57,0,0,na,acyl-ACP,1,0,0,na,na,144,na,0.032473571
N deficient,30,40,0,na,1-batch,1-open,na,na,0.6,na,0,5.43,na,na,na,na,0,na,na,0,na,1,na,0,pentadecane,15,32,0,0,-30000,0,0,0,na,0.00066438,pcc7942,i,57,0,0,na,acyl-ACP,1,0,0,na,na,24,na,0.015945115
N deficient,30,40,0,na,1-batch,1-open,na,na,0.6,na,0,5.43,na,na,na,na,0,na,na,0,na,1,na,0,pentadecane,15,32,0,0,-30000,0,0,0,na,0.00066438,pcc7942,i,57,0,0,na,acyl-ACP,1,0,0,na,na,48,na,0.011861612
N deficient,30,40,0,na,1-batch,1-open,na,na,0.6,na,0,5.43,na,na,na,na,0,na,na,0,na,1,na,0,pentadecane,15,32,0,0,-30000,0,0,0,na,0.00066438,pcc7942,i,57,0,0,na,acyl-ACP,1,0,0,na,na,72,na,0.014000584
N deficient,30,40,0,na,1-batch,1-open,na,na,0.6,na,0,5.43,na,na,na,na,0,na,na,0,na,1,na,0,pentadecane,15,32,0,0,-30000,0,0,0,na,0.00066438,pcc7942,i,57,0,0,na,acyl-ACP,1,0,0,na,na,96,na,0.013028327
N deficient,30,40,0,na,1-batch,1-open,na,na,0.6,na,0,5.43,na,na,na,na,0,na,na,0,na,1,na,0,pentadecane,15,32,0,0,-30000,0,0,0,na,0.00066438,pcc7942,i,57,0,0,na,acyl-ACP,1,0,0,na,na,120,na,0.007389191
N deficient,30,40,0,na,1-batch,1-open,na,na,0.6,na,0,5.43,na,na,na,na,0,na,na,0,na,1,na,0,pentadecane,15,32,0,0,-30000,0,0,0,na,0.00066438,pcc7942,i,57,0,0,na,acyl-ACP,1,0,0,na,na,144,na,0.00719475
salt,30,40,0,na,1-batch,1-open,na,na,0.6,na,247,5.43,na,na,na,na,300,na,na,0,na,1,na,0,heptadecane,17,36,0,0,-30000,0,0,0,na,0.002587259,pcc7942,i,57,0,0,na,acyl-ACP,1,0,0,na,na,24,na,0.062094214
salt,30,40,0,na,1-batch,1-open,na,na,0.6,na,247,5.43,na,na,na,na,300,na,na,0,na,1,na,0,heptadecane,17,36,0,0,-30000,0,0,0,na,0.002587259,pcc7942,i,57,0,0,na,acyl-ACP,1,0,0,na,na,48,na,0.058673774
salt,30,40,0,na,1-batch,1-open,na,na,0.6,na,247,5.43,na,na,na,na,300,na,na,0,na,1,na,0,heptadecane,17,36,0,0,-30000,0,0,0,na,0.002587259,pcc7942,i,57,0,0,na,acyl-ACP,1,0,0,na,na,72,na,0.062883548
salt,30,40,0,na,1-batch,1-open,na,na,0.6,na,247,5.43,na,na,na,na,300,na,na,0,na,1,na,0,heptadecane,17,36,0,0,-30000,0,0,0,na,0.002587259,pcc7942,i,57,0,0,na,acyl-ACP,1,0,0,na,na,96,na,0.071566214
salt,30,40,0,na,1-batch,1-open,na,na,0.6,na,247,5.43,na,na,na,na,300,na,na,0,na,1,na,0,heptadecane,17,36,0,0,-30000,0,0,0,na,0.002587259,pcc7942,i,57,0,0,na,acyl-ACP,1,0,0,na,na,168,na,0.071303107
salt,30,40,0,na,1-batch,1-open,na,na,0.6,na,247,5.43,na,na,na,na,300,na,na,0,na,1,na,0,pentadecane,15,32,0,0,-30000,0,0,0,na,0.002587259,pcc7942,i,57,0,0,na,acyl-ACP,1,0,0,na,na,24,na,0.022364428
salt,30,40,0,na,1-batch,1-open,na,na,0.6,na,247,5.43,na,na,na,na,300,na,na,0,na,1,na,0,pentadecane,15,32,0,0,-30000,0,0,0,na,0.002587259,pcc7942,i,57,0,0,na,acyl-ACP,1,0,0,na,na,48,na,0.024469333
salt,30,40,0,na,1-batch,1-open,na,na,0.6,na,247,5.43,na,na,na,na,300,na,na,0,na,1,na,0,pentadecane,15,32,0,0,-30000,0,0,0,na,0.002587259,pcc7942,i,57,0,0,na,acyl-ACP,1,0,0,na,na,72,na,0.021312
salt,30,40,0,na,1-batch,1-open,na,na,0.6,na,247,5.43,na,na,na,na,300,na,na,0,na,1,na,0,pentadecane,15,32,0,0,-30000,0,0,0,na,0.002587259,pcc7942,i,57,0,0,na,acyl-ACP,1,0,0,na,na,96,na,0.022890667
salt,30,40,0,na,1-batch,1-open,na,na,0.6,na,247,5.43,na,na,na,na,300,na,na,0,na,1,na,0,pentadecane,15,32,0,0,-30000,0,0,0,na,0.002587259,pcc7942,i,57,0,0,na,acyl-ACP,1,0,0,na,na,168,na,0.018944
el14,30,0,10000,1-shakingflask,1-batch,2-close,na,na,3.9,anoxic,247,5.43,0,na,na,50,0,na,na,0,na,0,IPTG,1,1-butanol,4,10,0,1,-327.01,0,0,2,-0.008928571,0.086309524,pcc7942,e,58,0,0,1-genomic,acetyl-coa,6,6,0,na,"atob,adhe2,ter,crt,hbd",na,2.4,14.5
el1,30,0,10000,1-shakingflask,1-batch,2-close,na,na,3.9,anoxic,247,5.43,0,na,na,50,0,na,na,0,na,0,IPTG,1,1-butanol,4,10,0,1,-327.01,0,0,0,na,na,pcc7942,e,58,0,0,1-genomic,acetyl-coa,6,6,0,na,"atob,adhe2,ter,crt,hbd",na,na,3.04
el7,30,0,10000,1-shakingflask,1-batch,2-close,na,na,3.9,anoxic,247,5.43,0,na,na,50,0,na,na,0,na,0,IPTG,1,1-butanol,4,10,0,1,-327.01,0,0,1,na,na,pcc7942,e,58,0,0,1-genomic,acetyl-coa,6,6,0,na,"atob,adhe2,ter,crt,hbd",na,na,3.68
el13,30,0,10000,1-shakingflask,1-batch,2-close,na,na,3.9,anoxic,247,5.43,0,na,na,50,0,na,na,0,na,0,IPTG,1,1-butanol,4,10,0,1,-327.01,0,0,1,na,na,pcc7942,e,58,0,0,1-genomic,acetyl-coa,6,6,0,na,"atob,adhe2,ter,crt,hbd",na,na,11.58
el14,30,0,10000,1-shakingflask,1-batch,2-close,na,na,3.9,anoxic,247,5.43,0,na,na,50,0,na,na,0,na,0,IPTG,1,1-butanol,4,10,0,1,-327.01,0,0,2,na,na,pcc7942,e,58,0,0,1-genomic,acetyl-coa,6,6,0,na,"atob,adhe2,ter,crt,hbd",na,na,13.16
el14,30,150,0,1-shakingflask,1-batch,2-close,na,na,3.9,na,247,5.43,5,na,na,50,0,na,na,0,na,0,IPTG,1,1-butanol,4,10,0,1,-327.01,0,0,2,na,na,pcc7942,e,58,0,0,1-genomic,acetyl-coa,6,6,0,na,"atob,adhe2,ter,crt,hbd",na,na,2.2
sehl31fs,30,100,0,2-cylindricalPBR,1-batch,1-open,120,100,0.7,na,247,5.43,5,1,na,0,0,7.5,na,0,na,0,IPTG,1,farnesene,15,24,0,0,94.79,0,0,0,0.028311095,0.002521968,pcc7942,e,59,0,0,1-genomic,"Pyruvate, G3P",10,4,0,na,"dsx,idi,ispa,nsfs",24,1.325740644,na
sehl32fs,30,100,0,2-cylindricalPBR,1-batch,1-open,120,100,0.7,na,247,5.43,5,1,na,0,0,7.5,na,0,na,0,IPTG,1,farnesene,15,24,0,0,94.79,0,0,1,0.031402537,0.026926799,pcc7942,e,59,0,0,1-genomic,"Pyruvate, G3P",10,4,0,na,"dsx,idi,ispa,afs",24,1.476298331,na
sehl31fs,30,100,0,2-cylindricalPBR,1-batch,1-open,120,100,0.7,na,247,5.43,5,1,na,0,0,7.5,na,0,na,0,IPTG,1,farnesene,15,24,0,0,94.79,0,0,0,0.028311095,0.002521968,pcc7942,e,59,0,0,1-genomic,"Pyruvate, G3P",10,4,0,na,"dsx,idi,ispa,nsfs",72,2.132118303,na
sehl32fs,30,100,0,2-cylindricalPBR,1-batch,1-open,120,100,0.7,na,247,5.43,5,1,na,0,0,7.5,na,0,na,0,IPTG,1,farnesene,15,24,0,0,94.79,0,0,1,0.031402537,0.026926799,pcc7942,e,59,0,0,1-genomic,"Pyruvate, G3P",10,4,0,na,"dsx,idi,ispa,afs",72,2.830699263,1.963882964
sehl31fs,30,100,0,2-cylindricalPBR,1-batch,1-open,120,100,0.7,na,247,5.43,5,1,na,0,0,7.5,na,0,na,0,IPTG,1,farnesene,15,24,0,0,94.79,0,0,0,0.028311095,0.002521968,pcc7942,e,59,0,0,1-genomic,"Pyruvate, G3P",10,4,0,na,"dsx,idi,ispa,nsfs",120,3.690204755,0.382688318
sehl32fs,30,100,0,2-cylindricalPBR,1-batch,1-open,120,100,0.7,na,247,5.43,5,1,na,0,0,7.5,na,0,na,0,IPTG,1,farnesene,15,24,0,0,94.79,0,0,1,0.031402537,0.026926799,pcc7942,e,59,0,0,1-genomic,"Pyruvate, G3P",10,4,0,na,"dsx,idi,ispa,afs",120,4.604966395,3.724604425
sehl31fs,30,100,0,2-cylindricalPBR,1-batch,1-open,120,100,0.7,na,247,5.43,5,1,na,0,0,7.5,na,0,na,0,IPTG,1,farnesene,15,24,0,0,94.79,0,0,0,0.028311095,0.002521968,pcc7942,e,59,0,0,1-genomic,"Pyruvate, G3P",10,4,0,na,"dsx,idi,ispa,nsfs",168,4.756263906,0.423690593
sehl32fs,30,100,0,2-cylindricalPBR,1-batch,1-open,120,100,0.7,na,247,5.43,5,1,na,0,0,7.5,na,0,na,0,IPTG,1,farnesene,15,24,0,0,94.79,0,0,1,0.031402537,0.026926799,pcc7942,e,59,0,0,1-genomic,"Pyruvate, G3P",10,4,0,na,"dsx,idi,ispa,afs",168,5.309255103,4.523702289
sehlfn01,30,100,0,2-cylindricalPBR,1-batch,1-open,120,100,0.7,na,247,5.43,5.038,1,na,0,0,7.5,na,0,na,0,IPTG,1,farnesene,15,24,0,0,94.79,0,0,1,0.014375,0.004791667,pcc7942,e,60,0,1,1-genomic,"Pyruvate, G3P",10,4,0,ccm,"dxs,idi,ispa,afs",192,0.76,0.92
sehl32fs,30,100,0,2-cylindricalPBR,1-batch,1-open,120,100,0.7,na,247,5.43,0.04,1,na,0,0,7.5,na,0,na,0,IPTG,1,farnesene,15,24,0,0,94.79,0,0,1,0.001197917,0.000208333,pcc7942,e,60,0,0,1-genomic,"Pyruvate, G3P",10,4,0,na,"dxs,idi,ispa,afs",192,0.93,0.04
sehlfn01,30,100,0,2-cylindricalPBR,1-batch,1-open,120,100,0.7,na,247,5.43,0.04,1,na,0,0,7.5,na,0,na,0,IPTG,1,farnesene,15,24,0,0,94.79,0,0,1,0.001197917,0,pcc7942,e,60,0,1,1-genomic,"Pyruvate, G3P",10,4,0,ccm,"dxs,idi,ispa,afs",192,0.93,0
sehlfn02,30,100,0,2-cylindricalPBR,1-batch,1-open,120,100,0.7,na,247,5.43,10.036,1,na,0,0,7.5,na,0,na,0,IPTG,1,farnesene,15,24,0,0,94.79,0,0,1,0.0090625,0.016979167,pcc7942,e,60,0,0,1-genomic,"Pyruvate, G3P",10,6,0,na,"dxs,idi,ispa,afs,bica,ca",192,1.14,3.26
sehlfn03,30,100,0,2-cylindricalPBR,1-batch,1-open,120,100,0.7,na,247,5.43,0.04,1,na,0,0,7.5,na,0,na,0,IPTG,1,farnesene,15,24,0,0,94.79,0,0,1,0.002760417,0.002552083,pcc7942,e,60,0,1,1-genomic,"Pyruvate, G3P",10,6,0,ccm,"dxs,idi,ispa,afs,bica,ca",192,1.23,0.49
sehlfn01,30,100,0,2-cylindricalPBR,1-batch,1-open,120,100,0.7,na,247,5.43,10.036,1,na,0,0,7.5,na,0,na,0,IPTG,1,farnesene,15,24,0,0,94.79,0,0,1,0.016354167,0.0103125,pcc7942,e,60,0,1,1-genomic,"Pyruvate, G3P",10,4,0,ccm,"dxs,idi,ispa,afs",192,1.48,1.98
sehlfn02,30,100,0,2-cylindricalPBR,1-batch,1-open,120,100,0.7,na,247,5.43,0.04,1,na,0,0,7.5,na,0,na,0,IPTG,1,farnesene,15,24,0,0,94.79,0,0,1,0.00796875,0.002239583,pcc7942,e,60,0,0,1-genomic,"Pyruvate, G3P",10,6,0,na,"dxs,idi,ispa,afs,bica,ca",192,2.23,0.43
sehlfn02,30,100,0,2-cylindricalPBR,1-batch,1-open,120,100,0.7,na,247,5.43,5.038,1,na,0,0,7.5,na,0,na,0,IPTG,1,farnesene,15,24,0,0,94.79,0,0,1,0.023541667,0.021927083,pcc7942,e,60,0,0,1-genomic,"Pyruvate, G3P",10,6,0,na,"dxs,idi,ispa,afs,bica,ca",192,2.28,4.21
sehlfn03,30,100,0,2-cylindricalPBR,1-batch,1-open,120,100,0.7,na,247,5.43,10.036,1,na,0,0,7.5,na,0,na,0,IPTG,1,farnesene,15,24,0,0,94.79,0,0,1,0.0209375,0.026145833,pcc7942,e,60,0,1,1-genomic,"Pyruvate, G3P",10,6,0,ccm,"dxs,idi,ispa,afs,bica,ca",192,2.39,5.02
sehl32fs,30,100,0,2-cylindricalPBR,1-batch,1-open,120,100,0.7,na,247,5.43,10.036,1,na,0,0,7.5,na,0,na,0,IPTG,1,farnesene,15,24,0,0,94.79,0,0,1,0.023229167,0.016927083,pcc7942,e,60,0,0,1-genomic,"Pyruvate, G3P",10,4,0,na,"dxs,idi,ispa,afs",192,2.4,3.25
sehlfn03,30,100,0,2-cylindricalPBR,1-batch,1-open,120,100,0.7,na,247,5.43,5.038,1,na,0,0,7.5,na,0,na,0,IPTG,1,farnesene,15,24,0,0,94.79,0,0,1,0.020486111,0.018541667,pcc7942,e,60,0,1,1-genomic,"Pyruvate, G3P",10,6,0,ccm,"dxs,idi,ispa,afs,bica,ca",192,2.9,3.56
sehl32fs,30,100,0,2-cylindricalPBR,1-batch,1-open,120,100,0.7,na,247,5.43,5.038,1,na,0,0,7.5,na,0,na,0,IPTG,1,farnesene,15,24,0,0,94.79,0,0,1,0.032291667,0.02296875,pcc7942,e,60,0,0,1-genomic,"Pyruvate, G3P",10,4,0,na,"dxs,idi,ispa,afs",192,3.26,4.41
wt,30,70,0,1-shakingflask,1-batch,1-open,250,40,2,na,0,5.43,0.04,0,na,0,0,na,na,0,na,1,na,0,succinate,4,6,0,4,-939,0,0,0,na,0.00084375,pcc7942,e,61,0,0,1-genomic,PEP,7,0,0,na,na,48,na,0.0405
Δglgc,30,70,0,1-shakingflask,1-batch,1-open,250,40,2,na,0,5.43,0.04,0,na,0,0,na,na,0,na,0,IPTG,1,succinate,4,6,0,4,-939,0,0,0,na,0.003791667,pcc7942,e,61,0,1,1-genomic,PEP,7,0,0,glgc,na,48,na,0.182
Δglgc::ppc::gltA ,30,70,0,1-shakingflask,1-batch,1-open,250,40,2,na,0,5.43,0.04,0,na,0,0,na,na,0,na,0,IPTG,1,succinate,4,6,0,4,-939,0,0,0,na,0.0090625,pcc7942,e,61,0,1,1-genomic,PEP,7,2,0,glgc,"ppc,plta",48,na,0.435
c,30,55,0,1-shakingflask,1-batch,1-open,na,10,0.1,na,247,5.43,0.04,0,na,50,0,na,na,0,na,0,IPTG,1,"2,3-butanediol",4,10,0,2,-544.8,0,0,1,0.033733134,4.75,pcc7942,e,62,0,0,1-genomic,pyruvate,3,3,0,na,"alss,alsd,adh",96,3.238380884,456
d,30,55,0,1-shakingflask,1-batch,1-open,na,10,0.1,na,247,5.43,0.04,0,na,50,0,na,na,0,na,0,IPTG,1,"2,3-butanediol",4,10,0,2,-544.8,0,0,1,0.036075712,5.166666667,pcc7942,e,62,0,0,1-genomic,pyruvate,3,3,0,na,"alss,alsd,adh",96,3.463268308,496
u,30,55,0,1-shakingflask,1-batch,1-open,na,10,0.1,na,247,5.43,0.04,0,na,50,0,na,na,0,na,0,IPTG,1,"2,3-butanediol",4,10,0,2,-544.8,0,0,1,0.038605697,2.864583333,pcc7942,e,62,0,0,1-genomic,pyruvate,3,3,0,na,"alss,alsd,adh",96,3.706146874,275
b,30,55,0,1-shakingflask,1-batch,1-open,na,10,0.1,na,247,5.43,0.04,0,na,50,0,na,na,0,na,0,IPTG,1,"2,3-butanediol",4,10,0,2,-544.8,0,0,1,0.04197901,3.177083333,pcc7942,e,62,0,0,1-genomic,pyruvate,3,3,0,na,"alss,alsd,adh",96,4.029984962,305
a,30,55,0,1-shakingflask,1-batch,1-open,na,10,0.1,na,247,5.43,0.04,0,na,50,0,na,na,0,na,0,IPTG,1,"2,3-butanediol",4,10,0,2,-544.8,0,0,1,0.045446025,2.15625,pcc7942,e,62,0,0,1-genomic,pyruvate,3,3,0,na,"alss,alsd,adh",96,4.362818416,207
se01,30,60,0,2-cylindricalPBR,1-batch,1-open,1000,400,0.15,na,247,5.43,1,1,na,0,0,na,na,0,na,0,IPTG,1,free fatty acid,16,32,0,2,-848.4,0,0,0,0.011740038,0.082836154,pcc7942,e,63,0,1,1-genomic,acyl-ACP,1,0,0,acyl-acp synthase,na,48,0.577969822,0.724911774
se02,30,60,0,2-cylindricalPBR,1-batch,1-open,1000,400,0.15,na,247,5.43,1,1,na,0,0,na,na,0,na,0,IPTG,1,free fatty acid,16,32,0,2,-848.4,0,0,0,0.00927653,0.06566581,pcc7942,e,63,0,1,1-genomic,acyl-ACP,1,1,0,acyl-acp synthase,tesa,48,0.681180204,0.854362167
se02,30,60,0,2-cylindricalPBR,1-batch,1-open,1000,400,0.15,na,247,5.43,1,1,na,0,0,na,na,0,na,0,IPTG,1,free fatty acid,16,32,0,2,-848.4,0,0,0,0.00927653,0.06566581,pcc7942,e,63,0,1,1-genomic,acyl-ACP,1,1,0,acyl-acp synthase,tesa,96,1.383000973,5.030375108
se01,30,60,0,2-cylindricalPBR,1-batch,1-open,1000,400,0.15,na,247,5.43,1,1,na,0,0,na,na,0,na,0,IPTG,1,free fatty acid,16,32,0,2,-848.4,0,0,0,0.011740038,0.082836154,pcc7942,e,63,0,1,1-genomic,acyl-ACP,1,0,0,acyl-acp synthase,na,96,1.671987774,0.524268893
se02,30,60,0,2-cylindricalPBR,1-batch,1-open,1000,400,0.15,na,247,5.43,1,1,na,0,0,na,na,0,na,0,IPTG,1,free fatty acid,16,32,0,2,-848.4,0,0,0,0.00927653,0.06566581,pcc7942,e,63,0,1,1-genomic,acyl-ACP,1,1,0,acyl-acp synthase,tesa,144,1.79583872,8.559152436
se02,30,60,0,2-cylindricalPBR,1-batch,1-open,1000,400,0.15,na,247,5.43,1,1,na,0,0,na,na,0,na,0,IPTG,1,free fatty acid,16,32,0,2,-848.4,0,0,0,0.00927653,0.06566581,pcc7942,e,63,0,1,1-genomic,acyl-ACP,1,1,0,acyl-acp synthase,tesa,192,2.208674578,11.15006607
se02,30,60,0,2-cylindricalPBR,1-batch,1-open,1000,400,0.15,na,247,5.43,1,1,na,0,0,na,na,0,na,0,IPTG,1,free fatty acid,16,32,0,2,-848.4,0,0,0,0.00927653,0.06566581,pcc7942,e,63,0,1,1-genomic,acyl-ACP,1,1,0,acyl-acp synthase,tesa,240,2.497659489,14.25359554
se01,30,60,0,2-cylindricalPBR,1-batch,1-open,1000,400,0.15,na,247,5.43,1,1,na,0,0,na,na,0,na,0,IPTG,1,free fatty acid,16,32,0,2,-848.4,0,0,0,0.011740038,0.082836154,pcc7942,e,63,0,1,1-genomic,acyl-ACP,1,0,0,acyl-acp synthase,na,144,2.518301943,2.842696673
se02,30,60,0,2-cylindricalPBR,1-batch,1-open,1000,400,0.15,na,247,5.43,1,1,na,0,0,na,na,0,na,0,IPTG,1,free fatty acid,16,32,0,2,-848.4,0,0,0,0.00927653,0.06566581,pcc7942,e,63,0,1,1-genomic,acyl-ACP,1,1,0,acyl-acp synthase,tesa,480,2.889854782,30.62756469
se02,30,60,0,2-cylindricalPBR,1-batch,1-open,1000,400,0.15,na,247,5.43,1,1,na,0,0,na,na,0,na,0,IPTG,1,free fatty acid,16,32,0,2,-848.4,0,0,0,0.00927653,0.06566581,pcc7942,e,63,0,1,1-genomic,acyl-ACP,1,1,0,acyl-acp synthase,tesa,432,2.910497236,29.75120361
se02,30,60,0,2-cylindricalPBR,1-batch,1-open,1000,400,0.15,na,247,5.43,1,1,na,0,0,na,na,0,na,0,IPTG,1,free fatty acid,16,32,0,2,-848.4,0,0,0,0.00927653,0.06566581,pcc7942,e,63,0,1,1-genomic,acyl-ACP,1,1,0,acyl-acp synthase,tesa,288,2.9311378,18.74934795
se02,30,60,0,2-cylindricalPBR,1-batch,1-open,1000,400,0.15,na,247,5.43,1,1,na,0,0,na,na,0,na,0,IPTG,1,free fatty acid,16,32,0,2,-848.4,0,0,0,0.00927653,0.06566581,pcc7942,e,63,0,1,1-genomic,acyl-ACP,1,1,0,acyl-acp synthase,tesa,528,2.972422709,34.67154794
se02,30,60,0,2-cylindricalPBR,1-batch,1-open,1000,400,0.15,na,247,5.43,1,1,na,0,0,na,na,0,na,0,IPTG,1,free fatty acid,16,32,0,2,-848.4,0,0,0,0.00927653,0.06566581,pcc7942,e,63,0,1,1-genomic,acyl-ACP,1,1,0,acyl-acp synthase,tesa,336,3.11691422,22.47876614
se02,30,60,0,2-cylindricalPBR,1-batch,1-open,1000,400,0.15,na,247,5.43,1,1,na,0,0,na,na,0,na,0,IPTG,1,free fatty acid,16,32,0,2,-848.4,0,0,0,0.00927653,0.06566581,pcc7942,e,63,0,1,1-genomic,acyl-ACP,1,1,0,acyl-acp synthase,tesa,384,3.11691422,26.97451669
se01,30,60,0,2-cylindricalPBR,1-batch,1-open,1000,400,0.15,na,247,5.43,1,1,na,0,0,na,na,0,na,0,IPTG,1,free fatty acid,16,32,0,2,-848.4,0,0,0,0.011740038,0.082836154,pcc7942,e,63,0,1,1-genomic,acyl-ACP,1,0,0,acyl-acp synthase,na,192,3.323333093,2.917776651
se01,30,60,0,2-cylindricalPBR,1-batch,1-open,1000,400,0.15,na,247,5.43,1,1,na,0,0,na,na,0,na,0,IPTG,1,free fatty acid,16,32,0,2,-848.4,0,0,0,0.011740038,0.082836154,pcc7942,e,63,0,1,1-genomic,acyl-ACP,1,0,0,acyl-acp synthase,na,240,4.025155752,8.203819981
se01,30,60,0,2-cylindricalPBR,1-batch,1-open,1000,400,0.15,na,247,5.43,1,1,na,0,0,na,na,0,na,0,IPTG,1,free fatty acid,16,32,0,2,-848.4,0,0,0,0.011740038,0.082836154,pcc7942,e,63,0,1,1-genomic,acyl-ACP,1,0,0,acyl-acp synthase,na,288,4.520559537,13.46591117
se01,30,60,0,2-cylindricalPBR,1-batch,1-open,1000,400,0.15,na,247,5.43,1,1,na,0,0,na,na,0,na,0,IPTG,1,free fatty acid,16,32,0,2,-848.4,0,0,0,0.011740038,0.082836154,pcc7942,e,63,0,1,1-genomic,acyl-ACP,1,0,0,acyl-acp synthase,na,336,4.954037849,22.67942425
se01,30,60,0,2-cylindricalPBR,1-batch,1-open,1000,400,0.15,na,247,5.43,1,1,na,0,0,na,na,0,na,0,IPTG,1,free fatty acid,16,32,0,2,-848.4,0,0,0,0.011740038,0.082836154,pcc7942,e,63,0,1,1-genomic,acyl-ACP,1,0,0,acyl-acp synthase,na,384,5.077888795,31.04828145
se01,30,60,0,2-cylindricalPBR,1-batch,1-open,1000,400,0.15,na,247,5.43,1,1,na,0,0,na,na,0,na,0,IPTG,1,free fatty acid,16,32,0,2,-848.4,0,0,0,0.011740038,0.082836154,pcc7942,e,63,0,1,1-genomic,acyl-ACP,1,0,0,acyl-acp synthase,na,528,5.263665214,43.73748943
se01,30,60,0,2-cylindricalPBR,1-batch,1-open,1000,400,0.15,na,247,5.43,1,1,na,0,0,na,na,0,na,0,IPTG,1,free fatty acid,16,32,0,2,-848.4,0,0,0,0.011740038,0.082836154,pcc7942,e,63,0,1,1-genomic,acyl-ACP,1,0,0,acyl-acp synthase,na,432,5.284305779,32.14470722
se01,30,60,0,2-cylindricalPBR,1-batch,1-open,1000,400,0.15,na,247,5.43,1,1,na,0,0,na,na,0,na,0,IPTG,1,free fatty acid,16,32,0,2,-848.4,0,0,0,0.011740038,0.082836154,pcc7942,e,63,0,1,1-genomic,acyl-ACP,1,0,0,acyl-acp synthase,na,480,5.635218053,39.75694451
crs72,30,150,0,1-shakingflask,1-batch,1-open,na,na,1,na,247,5.43,0.04,0,na,50,0,na,na,0,na,0,IPTG,1,2-methyl-1-butanol,5,12,0,1,-356.6,0,0,0,0.032386774,0.622522697,pcc7942,e,64,0,0,1-genomic,pyruvate,9,2,0,na,"kivd,yqhd,mcs",288,1.256124475,179.2865366
crs72,30,150,0,1-shakingflask,1-batch,1-open,na,na,1,na,247,5.43,0.04,0,na,50,0,na,na,0,na,0,IPTG,1,2-methyl-1-butanol,5,12,0,1,-356.6,0,0,0,0.032386774,0.622522697,pcc7942,e,64,0,0,1-genomic,pyruvate,9,2,0,na,"kivd,yqhd,mcs",216,1.302895279,140.1611023
crs72,30,150,0,1-shakingflask,1-batch,1-open,na,na,1,na,247,5.43,0.04,0,na,50,0,na,na,0,na,0,IPTG,1,2-methyl-1-butanol,5,12,0,1,-356.6,0,0,0,0.032386774,0.622522697,pcc7942,e,64,0,0,1-genomic,pyruvate,9,2,0,na,"kivd,yqhd,mcs",168,1.342984364,117.8365952
crs72,30,150,0,1-shakingflask,1-batch,1-open,na,na,1,na,247,5.43,0.04,0,na,50,0,na,na,0,na,0,IPTG,1,2-methyl-1-butanol,5,12,0,1,-356.6,0,0,0,0.032386774,0.622522697,pcc7942,e,64,0,0,1-genomic,pyruvate,9,2,0,na,"kivd,yqhd,mcs",120,1.469933339,86.99654623
crs72,30,150,0,1-shakingflask,1-batch,1-open,na,na,1,na,247,5.43,0.04,0,na,50,0,na,na,0,na,0,IPTG,1,2-methyl-1-butanol,5,12,0,1,-356.6,0,0,0,0.032386774,0.622522697,pcc7942,e,64,0,0,1-genomic,pyruvate,9,2,0,na,"kivd,yqhd,mcs",72,1.737193501,59.60875166
crs72,30,150,0,1-shakingflask,1-batch,1-open,na,na,1,na,247,5.43,0.04,0,na,50,0,na,na,0,na,0,IPTG,1,2-methyl-1-butanol,5,12,0,1,-356.6,0,0,0,0.032386774,0.622522697,pcc7942,e,64,0,0,1-genomic,pyruvate,9,2,0,na,"kivd,yqhd,mcs",24,1.777282586,21.17375555
crs73,30,150,0,1-shakingflask,1-batch,1-open,na,na,1,na,247,5.43,0.04,0,na,50,0,na,na,0,na,0,IPTG,1,3-methyl-1-butanol,5,12,0,1,-355.9,0,0,0,0.057009403,0.123335818,pcc7942,e,64,0,0,1-genomic,pyruvate,9,6,0,na,"kivd,yqhd,cima,leudbc",24,2.418707954,7.614783848
crs73,30,150,0,1-shakingflask,1-batch,1-open,na,na,1,na,247,5.43,0.04,0,na,50,0,na,na,0,na,0,IPTG,1,3-methyl-1-butanol,5,12,0,1,-355.9,0,0,0,0.057009403,0.123335818,pcc7942,e,64,0,0,1-genomic,pyruvate,9,6,0,na,"kivd,yqhd,cima,leudbc",168,3.521158111,22.79955325
crs73,30,150,0,1-shakingflask,1-batch,1-open,na,na,1,na,247,5.43,0.04,0,na,50,0,na,na,0,na,0,IPTG,1,3-methyl-1-butanol,5,12,0,1,-355.9,0,0,0,0.057009403,0.123335818,pcc7942,e,64,0,0,1-genomic,pyruvate,9,6,0,na,"kivd,yqhd,cima,leudbc",288,3.688195866,35.52071562
crs73,30,150,0,1-shakingflask,1-batch,1-open,na,na,1,na,247,5.43,0.04,0,na,50,0,na,na,0,na,0,IPTG,1,3-methyl-1-butanol,5,12,0,1,-355.9,0,0,0,0.057009403,0.123335818,pcc7942,e,64,0,0,1-genomic,pyruvate,9,6,0,na,"kivd,yqhd,cima,leudbc",216,3.714922127,28.08510651
crs73,30,150,0,1-shakingflask,1-batch,1-open,na,na,1,na,247,5.43,0.04,0,na,50,0,na,na,0,na,0,IPTG,1,3-methyl-1-butanol,5,12,0,1,-355.9,0,0,0,0.057009403,0.123335818,pcc7942,e,64,0,0,1-genomic,pyruvate,9,6,0,na,"kivd,yqhd,cima,leudbc",120,4.035634811,16.39417581
crs73,30,150,0,1-shakingflask,1-batch,1-open,na,na,1,na,247,5.43,0.04,0,na,50,0,na,na,0,na,0,IPTG,1,3-methyl-1-butanol,5,12,0,1,-355.9,0,0,0,0.057009403,0.123335818,pcc7942,e,64,0,0,1-genomic,pyruvate,9,6,0,na,"kivd,yqhd,cima,leudbc",72,5.104676989,12.90033506
l1118,30,100,0,1-shakingflask,1-batch,1-open,1000,500,0.15,na,247,5.43,5,1,na,0,0,8.2,na,0,na,0,IPTG,1,limonene,10,16,0,0,-93.3,0,0,1,0.010603715,0.046926741,pcc7942,e,65,0,0,1-genomic,IPP. DMAPP,2,1,0,na,ls,120,1.272445796,5.631208869
l1115,30,100,0,1-shakingflask,1-batch,1-open,1000,500,0.15,na,247,5.43,5,1,na,0,0,8.2,na,0,na,0,na,0,limonene,10,16,0,0,-93.3,0,0,0,0.01118421,0.001386842,pcc7942,e,65,0,0,1-genomic,IPP. DMAPP,2,1,0,na,ls,120,1.342105235,0.166421049
l111,30,100,0,2-cylindricalPBR,1-batch,1-open,1000,500,0.15,na,247,5.43,5,1,na,0,0,8.2,na,0,na,0,na,0,limonene,10,16,0,0,-93.3,0,0,0,0.01244195,0.000528783,pcc7942,e,65,0,0,1-genomic,IPP. DMAPP,2,1,0,na,ls,120,1.493034056,0.063453947
pcb4-LRpa,30,50,0,2-cylindricalPBR,1-batch,1-open,900,500,1,na,247,5.43,0.04,1,na,0,0,na,na,0,na,0,na,0,ethanol,2,6,0,1,-276,0,0,1,0.020892928,0.000125133,pcc7942,e,66,0,0,2-plasmid,pyruvate,2,2,0,na,"pdc,adh",24,0.230859973,0.000487632
pcb4-LRpa,30,50,0,2-cylindricalPBR,1-batch,1-open,900,500,1,na,247,5.43,0.04,1,na,0,0,na,na,0,na,0,na,0,ethanol,2,6,0,1,-276,0,0,1,0.020892928,0.000125133,pcc7942,e,66,0,0,2-plasmid,pyruvate,2,2,0,na,"pdc,adh",48,0.26855123,0.00040636
pcb4-LRpa,30,50,0,2-cylindricalPBR,1-batch,1-open,900,500,1,na,247,5.43,0.04,1,na,0,0,na,na,0,na,0,na,0,ethanol,2,6,0,1,-276,0,0,1,0.020892928,0.000125133,pcc7942,e,66,0,0,2-plasmid,pyruvate,2,2,0,na,"pdc,adh",72,0.697291055,0.008073028
pcb4-LRpa,30,50,0,2-cylindricalPBR,1-batch,1-open,900,500,1,na,247,5.43,0.04,1,na,0,0,na,na,0,na,0,na,0,ethanol,2,6,0,1,-276,0,0,1,0.020892928,0.000125133,pcc7942,e,66,0,0,2-plasmid,pyruvate,2,2,0,na,"pdc,adh",120,1.865724331,0.016416961
pcb4-LRpa,30,50,0,2-cylindricalPBR,1-batch,1-open,900,500,1,na,247,5.43,0.04,1,na,0,0,na,na,0,na,0,na,0,ethanol,2,6,0,1,-276,0,0,1,0.020892928,0.000125133,pcc7942,e,66,0,0,2-plasmid,pyruvate,2,2,0,na,"pdc,adh",144,2.431095341,0.019586572
pcb4-LRpa,30,50,0,2-cylindricalPBR,1-batch,1-open,900,500,1,na,247,5.43,0.04,1,na,0,0,na,na,0,na,0,na,0,ethanol,2,6,0,1,-276,0,0,1,0.020892928,0.000125133,pcc7942,e,66,0,0,2-plasmid,pyruvate,2,2,0,na,"pdc,adh",168,3.510011828,0.021022379
SA590,30,55,0,3-flatPBR,1-batch,1-open,900,600,0.5,na,247,5.43,5,1,na,50,0,na,na,0,na,0,IPTG,1,isobutyraldehyde,4,8,0,1,-247.3,0,0,0,na,2.510416667,pcc7942,e,67,0,0,1-genomic,pyruvate,4,4,0,na,"alss,ilvc,ilvd,kivd",288,na,723
SA665,30,55,0,3-flatPBR,1-batch,1-open,900,600,0.5,na,247,5.43,5,1,na,0,0,na,na,0,na,0,IPTG,1,isobutyraldehyde,4,8,0,1,-247.3,0,0,0,0.041180368,4.033970681,pcc7942,e,67,0,0,1-genomic,pyruvate,4,4,0,na,"alss,ilvc,ilvd,kivd,rbcls",24,1.578202658,175.7961783
SA665,30,55,0,3-flatPBR,1-batch,1-open,900,600,0.5,na,247,5.43,5,1,na,0,0,na,na,0,na,0,IPTG,1,isobutyraldehyde,4,8,0,1,-247.3,0,0,0,0.041180368,4.033970681,pcc7942,e,67,0,0,1-genomic,pyruvate,4,4,0,na,"alss,ilvc,ilvd,kivd,rbcls",48,2.566531489,336.3057325
SA665,30,55,0,3-flatPBR,1-batch,1-open,900,600,0.5,na,247,5.43,5,1,na,0,0,na,na,0,na,0,IPTG,1,isobutyraldehyde,4,8,0,1,-247.3,0,0,0,0.041180368,4.033970681,pcc7942,e,67,0,0,1-genomic,pyruvate,4,4,0,na,"alss,ilvc,ilvd,kivd,rbcls",72,3.161214111,486.6241261
SA665,30,55,0,3-flatPBR,1-batch,1-open,900,600,0.5,na,247,5.43,5,1,na,0,0,na,na,0,na,0,IPTG,1,isobutyraldehyde,4,8,0,1,-247.3,0,0,0,0.041180368,4.033970681,pcc7942,e,67,0,0,1-genomic,", mmmmmmmmmmmmmmmmmmmmmmmmmmmmmmmmmmmmmmmmmmmmmm",4,4,0,na,"alss,ilvc,ilvd,kivd,rbcls",96,3.813383605,598.7261924
SA665,30,55,0,3-flatPBR,1-batch,1-open,900,600,0.5,na,247,5.43,5,1,na,0,0,na,na,0,na,0,IPTG,1,isobutyraldehyde,4,8,0,1,-247.3,0,0,0,0.041180368,4.033970681,pcc7942,e,67,0,0,1-genomic,pyruvate,4,4,0,na,"alss,ilvc,ilvd,kivd,rbcls",120,3.920831956,680.2547771
SA665,30,55,0,3-flatPBR,1-batch,1-open,900,600,0.5,na,247,5.43,5,1,na,0,0,na,na,0,na,0,IPTG,1,isobutyraldehyde,4,8,0,1,-247.3,0,0,0,0.041180368,4.033970681,pcc7942,e,67,0,0,1-genomic,pyruvate,4,4,0,na,"alss,ilvc,ilvd,kivd,rbcls",144,3.734734759,738.8534254
SA665,30,55,0,3-flatPBR,1-batch,1-open,900,600,0.5,na,247,5.43,5,1,na,0,0,na,na,0,na,0,IPTG,1,isobutyraldehyde,4,8,0,1,-247.3,0,0,0,0.041180368,4.033970681,pcc7942,e,67,0,0,1-genomic,pyruvate,4,4,0,na,"alss,ilvc,ilvd,kivd,rbcls",168,3.948163176,769.4266738
SA665,30,55,0,3-flatPBR,1-batch,1-open,900,600,0.5,na,247,5.43,5,1,na,0,0,na,na,0,na,0,IPTG,1,isobutyraldehyde,4,8,0,1,-247.3,0,0,0,0.041180368,4.033970681,pcc7942,e,67,0,0,1-genomic,pyruvate,4,4,0,na,"alss,ilvc,ilvd,kivd,rbcls",192,3.839967049,774.5223707
SA665,30,55,0,3-flatPBR,1-batch,1-open,900,600,0.5,na,247,5.43,0.04,1,na,50,0,na,na,0,na,0,IPTG,1,isobutyraldehyde,4,8,0,1,-247.3,0,0,0,0.035416667,5.838641391,pcc7942,e,67,0,0,1-genomic,pyruvate,4,4,0,na,"alss,ilvc,ilvd,kivd,rbcls",24,1.45197736,208.9172752
SA665,30,55,0,3-flatPBR,1-batch,1-open,900,600,0.5,na,247,5.43,0.04,1,na,50,0,na,na,0,na,0,IPTG,1,isobutyraldehyde,4,8,0,1,-247.3,0,0,0,0.035416667,5.838641391,pcc7942,e,67,0,0,1-genomic,pyruvate,4,4,0,na,"alss,ilvc,ilvd,kivd,rbcls",48,1.763735395,407.6433899
SA665,30,55,0,3-flatPBR,1-batch,1-open,900,600,0.5,na,247,5.43,0.04,1,na,50,0,na,na,0,na,0,IPTG,1,isobutyraldehyde,4,8,0,1,-247.3,0,0,0,0.035416667,5.838641391,pcc7942,e,67,0,0,1-genomic,pyruvate,4,4,0,na,"alss,ilvc,ilvd,kivd,rbcls",72,1.85162014,557.9617834
SA665,30,55,0,3-flatPBR,1-batch,1-open,900,600,0.5,na,247,5.43,0.04,1,na,50,0,na,na,0,na,0,IPTG,1,isobutyraldehyde,4,8,0,1,-247.3,0,0,0,0.035416667,5.838641391,pcc7942,e,67,0,0,1-genomic,pyruvate,4,4,0,na,"alss,ilvc,ilvd,kivd,rbcls",96,1.957433821,695.5414013
SA665,30,55,0,3-flatPBR,1-batch,1-open,900,600,0.5,na,247,5.43,0.04,1,na,50,0,na,na,0,na,0,IPTG,1,isobutyraldehyde,4,8,0,1,-247.3,0,0,0,0.035416667,5.838641391,pcc7942,e,67,0,0,1-genomic,pyruvate,4,4,0,na,"alss,ilvc,ilvd,kivd,rbcls",120,2.026616379,833.1210191
SA665,30,55,0,3-flatPBR,1-batch,1-open,900,600,0.5,na,247,5.43,0.04,1,na,50,0,na,na,0,na,0,IPTG,1,isobutyraldehyde,4,8,0,1,-247.3,0,0,0,0.035416667,5.838641391,pcc7942,e,67,0,0,1-genomic,pyruvate,4,4,0,na,"alss,ilvc,ilvd,kivd,rbcls",144,1.800877458,963.0573248
SA665,30,55,0,3-flatPBR,1-batch,1-open,900,600,0.5,na,247,5.43,0.04,1,na,50,0,na,na,0,na,0,IPTG,1,isobutyraldehyde,4,8,0,1,-247.3,0,0,0,0.035416667,5.838641391,pcc7942,e,67,0,0,1-genomic,pyruvate,4,4,0,na,"alss,ilvc,ilvd,kivd,rbcls",168,1.813431538,1062.420382
SA665,30,55,0,3-flatPBR,1-batch,1-open,900,600,0.5,na,247,5.43,0.04,1,na,50,0,na,na,0,na,0,IPTG,1,isobutyraldehyde,4,8,0,1,-247.3,0,0,0,0.035416667,5.838641391,pcc7942,e,67,0,0,1-genomic,pyruvate,4,4,0,na,"alss,ilvc,ilvd,kivd,rbcls",192,1.703526799,1121.019147
,30,55,0,1-shakingflask,2-fed-batch,1-open,125,25,0.4,na,247,5.43,0.04,1,na,50,0,7.5,na,0,na,0,IPTG,1,"2,3-butanediol",4,10,0,2,-544.8,0,0,0,na,4.109448113,pcc7942,e,68,0,0,1-genomic,pyruvate,3,3,0,na,"alss,alsd,adh",72,na,295.8802641
,30,55,0,1-shakingflask,2-fed-batch,1-open,125,25,0.4,na,247,5.43,0.04,1,na,50,0,7.5,na,0,na,0,IPTG,1,"2,3-butanediol",4,10,0,2,-544.8,0,0,0,na,3.745318352,pcc7942,e,68,0,0,1-genomic,pyruvate,3,3,0,na,"alss,alsd,adh",72,na,269.6629213
,30,55,0,1-shakingflask,2-fed-batch,1-open,125,25,0.4,na,247,5.43,0.04,1,na,50,0,7.5,na,0,na,0,IPTG,1,"2,3-butanediol",4,10,0,2,-544.8,0,0,1,na,7.698711533,pcc7942,e,68,0,0,1-genomic,pyruvate,3,3,0,na,"alss,alsd,adh",72,na,554.3072304
,30,55,0,1-shakingflask,2-fed-batch,1-open,125,25,0.4,na,247,5.43,0.04,1,na,50,0,7.5,na,0,na,0,IPTG,1,"2,3-butanediol",4,10,0,2,-544.8,0,0,1,na,13.10861423,pcc7942,e,68,0,0,1-genomic,pyruvate,3,3,0,na,"alss,alsd,adh",72,na,943.8202247
,30,55,0,1-shakingflask,2-fed-batch,1-open,125,25,0.4,na,247,5.43,0.04,1,na,50,0,7.5,na,0,na,0,IPTG,1,"2,3-butanediol",4,10,0,2,-544.8,0,0,1,0.030465945,3.935341767,pcc7942,e,68,0,0,1-genomic,pyruvate,3,3,0,na,"alss,alsd,adh",72,2.193548064,518.9572187
,30,55,0,1-shakingflask,2-fed-batch,1-open,125,25,0.4,na,247,5.43,0.04,1,na,50,0,7.5,na,0,na,0,IPTG,1,"2,3-butanediol",4,10,0,2,-544.8,0,0,1,0.032930106,4.626494765,pcc7942,e,68,0,0,1-genomic,pyruvate,3,3,0,na,"alss,alsd,adh",72,2.370967659,590.0474805
,30,55,0,1-shakingflask,2-fed-batch,1-open,125,25,0.4,na,247,5.43,0.04,1,na,50,0,7.5,na,0,na,0,IPTG,1,"2,3-butanediol",4,10,0,2,-544.8,0,0,1,0.030465945,3.935341767,pcc7942,e,68,0,0,1-genomic,pyruvate,3,3,0,na,"alss,alsd,adh",144,2.516128944,1016.587749
,30,55,0,1-shakingflask,2-fed-batch,1-open,125,25,0.4,na,247,5.43,0.04,1,na,50,0,7.5,na,0,na,0,IPTG,1,"2,3-butanediol",4,10,0,2,-544.8,0,0,1,0.032930106,4.626494765,pcc7942,e,68,0,0,1-genomic,pyruvate,3,3,0,na,"alss,alsd,adh",144,2.500000158,1165.876844
,30,55,0,1-shakingflask,2-fed-batch,1-open,125,25,0.4,na,247,5.43,0.04,1,na,50,0,7.5,na,0,na,0,IPTG,1,"2,3-butanediol",4,10,0,2,-544.8,0,0,1,0.030465945,3.935341767,pcc7942,e,68,0,0,1-genomic,pyruvate,3,3,0,na,"alss,alsd,adh",216,2.72580611,1393.36477
,30,55,0,1-shakingflask,2-fed-batch,1-open,125,25,0.4,na,247,5.43,0.04,1,na,50,0,7.5,na,0,na,0,IPTG,1,"2,3-butanediol",4,10,0,2,-544.8,0,0,1,0.032930106,4.626494765,pcc7942,e,68,0,0,1-genomic,pyruvate,3,3,0,na,"alss,alsd,adh",216,2.548387253,1528.436072
,30,55,0,1-shakingflask,2-fed-batch,1-open,125,25,0.4,na,247,5.43,0.04,1,na,50,0,7.5,na,0,na,0,IPTG,1,"2,3-butanediol",4,10,0,2,-544.8,0,0,1,0.030465945,3.935341767,pcc7942,e,68,0,0,1-genomic,pyruvate,3,3,0,na,"alss,alsd,adh",288,2.709677324,1549.763086
,30,55,0,1-shakingflask,2-fed-batch,1-open,125,25,0.4,na,247,5.43,0.04,1,na,50,0,7.5,na,0,na,0,IPTG,1,"2,3-butanediol",4,10,0,2,-544.8,0,0,1,0.032930106,4.626494765,pcc7942,e,68,0,0,1-genomic,pyruvate,3,3,0,na,"alss,alsd,adh",288,2.693548539,1763.03322
,30,55,0,1-shakingflask,2-fed-batch,1-open,125,25,0.4,na,247,5.43,0.04,1,na,50,0,7.5,na,0,na,0,IPTG,1,"2,3-butanediol",4,10,0,2,-544.8,0,0,1,0.030465945,3.935341767,pcc7942,e,68,0,0,1-genomic,pyruvate,3,3,0,na,"alss,alsd,adh",360,2.387096444,1763.03322
,30,55,0,1-shakingflask,2-fed-batch,1-open,125,25,0.4,na,247,5.43,0.04,1,na,50,0,7.5,na,0,na,0,IPTG,1,"2,3-butanediol",4,10,0,2,-544.8,0,0,1,0.032930106,4.626494765,pcc7942,e,68,0,0,1-genomic,pyruvate,3,3,0,na,"alss,alsd,adh",360,2.322580564,1990.521147
,30,55,0,1-shakingflask,2-fed-batch,1-open,125,25,0.4,na,247,5.43,0.04,1,na,50,0,7.5,na,0,na,0,IPTG,1,"2,3-butanediol",4,10,0,2,-544.8,0,0,1,0.030465945,3.935341767,pcc7942,e,68,0,0,1-genomic,pyruvate,3,3,0,na,"alss,alsd,adh",432,2.290322254,1954.976341
,30,55,0,1-shakingflask,2-fed-batch,1-open,125,25,0.4,na,247,5.43,0.04,1,na,50,0,7.5,na,0,na,0,IPTG,1,"2,3-butanediol",4,10,0,2,-544.8,0,0,1,0.032930106,4.626494765,pcc7942,e,68,0,0,1-genomic,pyruvate,3,3,0,na,"alss,alsd,adh",432,2.080645088,2274.881543
,30,55,0,1-shakingflask,2-fed-batch,1-open,125,25,0.4,na,247,5.43,0.04,1,na,50,0,7.5,na,0,na,0,IPTG,1,"2,3-butanediol",4,10,0,2,-544.8,0,0,1,0.030465945,3.935341767,pcc7942,e,68,0,0,1-genomic,pyruvate,3,3,0,na,"alss,alsd,adh",504,2.112903398,1983.412251
,30,55,0,1-shakingflask,2-fed-batch,1-open,125,25,0.4,na,247,5.43,0.04,1,na,50,0,7.5,na,0,na,0,IPTG,1,"2,3-butanediol",4,10,0,2,-544.8,0,0,1,0.032930106,4.626494765,pcc7942,e,68,0,0,1-genomic,pyruvate,3,3,0,na,"alss,alsd,adh",504,2.112903398,2331.753362
yw1,30,200,0,2-cylindricalPBR,1-batch,1-open,100,65,1,na,247,5.43,3,1,na,0,150,8,na,0,na,0,na,0,isomaltulose,12,22,0,11,-1959.15,0,0,0,0.012377592,0.072139299,pcc7942,i,71,0,0,1-genomic,sucrose,1,1,0,na,slase,120,1.485311085,8.656715869
yw3,30,200,0,2-cylindricalPBR,1-batch,1-open,100,65,1,na,247,5.43,3,1,na,0,150,8,na,0,na,0,na,0,isomaltulose,12,22,0,11,-1959.15,0,0,0,0.012220916,0.090126293,pcc7942,i,71,0,0,1-genomic,sucrose,1,1,0,na,slase,120,1.466509962,10.81515518
yw5,30,200,0,2-cylindricalPBR,1-batch,1-open,100,65,1,na,247,5.43,3,1,na,0,150,8,na,0,na,0,na,0,isomaltulose,12,22,0,11,-1959.15,0,0,0,0.030003914,0.066207414,pcc7942,i,71,0,0,1-genomic,sucrose,1,1,0,na,slase,120,3.600469684,7.944889668
yw7,30,200,0,2-cylindricalPBR,1-batch,1-open,100,65,1,na,247,5.43,3,1,na,0,150,8,na,0,na,0,IPTG,0.1,isomaltulose,12,22,0,11,-1959.15,1,0,0,0.020079495,5.416665539,pcc7942,e,71,0,0,1-genomic,sucrose,1,1,0,na,slase,144,2.891447212,779.9998376
yw8,30,200,0,2-cylindricalPBR,1-batch,1-open,100,65,1,na,247,5.43,3,1,na,0,150,8,na,0,na,0,IPTG,0.1,isomaltulose,12,22,0,11,-1959.15,1,0,0,0.019051534,5.289853405,pcc7942,e,71,0,0,1-genomic,sucrose,1,1,0,na,slase,144,2.743420889,761.7388904
yw9,30,200,0,2-cylindricalPBR,1-batch,1-open,100,65,1,na,247,5.43,3,1,na,0,150,8,na,0,na,0,IPTG,0.1,isomaltulose,12,22,0,11,-1959.15,1,0,0,0.021244514,3.894928229,pcc7942,e,71,0,0,1-genomic,sucrose,1,1,0,na,slase,144,3.059210078,560.8696649
yw13,30,200,0,2-cylindricalPBR,1-batch,1-open,100,65,1,na,247,5.43,3,1,na,0,150,8,na,0,na,0,na,0,isomaltulose,12,22,0,11,-1959.15,1,0,1,0.016790021,3.913043063,pcc7942,e,71,0,0,1-genomic,sucrose,1,1,0,na,"slase,cscb",144,2.417762978,563.4782011
yw14,30,200,0,2-cylindricalPBR,1-batch,1-open,100,65,1,na,247,5.43,3,1,na,0,150,8,na,0,na,0,na,0,isomaltulose,12,22,0,11,-1959.15,1,0,1,0.020559212,4.402173446,pcc7942,e,71,0,0,1-genomic,sucrose,1,1,0,na,"slase,cscb",144,2.960526464,633.9129762
yw15,30,200,0,2-cylindricalPBR,1-batch,1-open,100,65,1,na,247,5.43,3,1,na,0,150,8,na,0,na,0,na,0,isomaltulose,12,22,0,11,-1959.15,1,0,1,0.019325659,2.699274523,pcc7942,e,71,0,0,1-genomic,sucrose,1,1,0,na,"slase,cscb",144,2.782894877,388.6955313
M1,38,30,0,1-shakingflask,1-batch,1-open,150,30,na,"0.04% CO2 for first 3 days, then shift to 1%",247,5.43,0.76,1,na,0,0,na,na,0,na,0,na,0,mannitol,6,14,0,6,-1337.5,0,0,0,0.015818529,1.081775042,pcc7942,e,72,0,0,1-genomic,f6p,2,2,0,na,"mtld,mlp",144,2.277868155,155.7756061
M1,38,30,0,1-shakingflask,1-batch,1-open,150,30,na,"0.04% CO2 for first 3 days, then shift to 1%",247,5.43,0.76,1,na,0,0,na,na,0,na,0,na,0,mannitol,6,14,0,6,-1337.5,0,0,0,0.021091372,0.97176377,pcc7942,e,72,0,0,1-genomic,f6p,2,2,0,na,"mtld,mlp",216,4.555736311,209.9009742
M1,38,30,0,1-shakingflask,1-batch,1-open,150,30,na,"0.04% CO2 for first 3 days, then shift to 1%",247,5.43,0.76,1,na,0,0,na,na,0,na,0,na,0,mannitol,6,14,0,6,-1337.5,0,0,0,0.019352454,0.866336568,pcc7942,e,72,0,0,1-genomic,f6p,2,2,0,na,"mtld,mlp",288,5.573506859,249.5049316
M2,38,30,0,1-shakingflask,1-batch,1-open,150,30,na,"0.04% CO2 for first 3 days, then shift to 1%",247,5.43,0.76,1,na,0,0,na,na,0,na,0,na,0,mannitol,6,14,0,6,-1337.5,0,0,0,0.016996509,0.861753057,pcc7942,e,72,0,0,1-genomic,f6p,2,2,0,na,"mtld,mlp",144,2.44749732,124.0924402
M2,38,30,0,1-shakingflask,1-batch,1-open,150,30,na,"0.04% CO2 for first 3 days, then shift to 1%",247,5.43,0.76,1,na,0,0,na,na,0,na,0,na,0,mannitol,6,14,0,6,-1337.5,0,0,0,0.024008259,0.696736288,pcc7942,e,72,0,0,1-genomic,f6p,2,2,0,na,"mtld,mlp",216,5.185784006,150.4950381
M2,38,30,0,1-shakingflask,1-batch,1-open,150,30,na,"0.04% CO2 for first 3 days, then shift to 1%",247,5.43,0.76,1,na,0,0,na,na,0,na,0,na,0,mannitol,6,14,0,6,-1337.5,0,0,0,0.021035273,0.779244812,pcc7942,e,72,0,0,1-genomic,f6p,2,2,0,na,"mtld,mlp",288,6.058158761,224.4225059
M3,38,30,0,1-shakingflask,1-batch,1-open,150,30,na,"0.04% CO2 for first 3 days, then shift to 1%",247,5.43,0.76,1,na,0,0,na,na,0,na,0,na,0,mannitol,6,14,0,6,-1337.5,0,0,0,0.015313682,1.100109928,pcc7942,e,72,0,0,1-genomic,f6p,2,2,0,na,"mtld,mlp",144,2.205170259,158.4158296
M3,38,30,0,1-shakingflask,1-batch,1-open,150,30,na,"0.04% CO2 for first 3 days, then shift to 1%",247,5.43,0.76,1,na,0,0,na,na,0,na,0,na,0,mannitol,6,14,0,6,-1337.5,0,0,0,0.020642616,1.014546009,pcc7942,e,72,0,0,1-genomic,f6p,2,2,0,na,"mtld,mlp",216,4.458805043,219.1419379
M3,38,30,0,1-shakingflask,1-batch,1-open,150,30,na,"0.04% CO2 for first 3 days, then shift to 1%",247,5.43,0.76,1,na,0,0,na,na,0,na,0,na,0,mannitol,6,14,0,6,-1337.5,0,0,0,0.018174474,1.045104432,pcc7942,e,72,0,0,1-genomic,f6p,2,2,0,na,"mtld,mlp",288,5.23424853,300.9900763
M4,38,97.5,0,1-shakingflask,1-batch,1-open,150,30,na,"300umol/m^2/s in first 3 days, then lower to 30 for the rest of days",247,5.43,0.04,1,na,0,0,na,na,0,na,0,na,0,mannitol,6,14,0,6,-1337.5,0,0,0,0.011106623,2.365236345,pcc7942,e,72,0,0,1-genomic,f6p,2,2,0,na,"mtld,mlp",144,1.599353718,340.5940337
M4,38,97.5,0,1-shakingflask,1-batch,1-open,150,30,na,"300umol/m^2/s in first 3 days, then lower to 30 for the rest of days",247,5.43,0.04,1,na,0,0,na,na,0,na,0,na,0,mannitol,6,14,0,6,-1337.5,0,0,0,0.016491652,2.518029577,pcc7942,e,72,0,0,1-genomic,f6p,2,2,0,na,"mtld,mlp",216,3.562196916,543.8943886
M4,38,97.5,0,1-shakingflask,1-batch,1-open,150,30,na,"300umol/m^2/s in first 3 days, then lower to 30 for the rest of days",247,5.43,0.04,1,na,0,0,na,na,0,na,0,na,0,mannitol,6,14,0,6,-1337.5,0,0,0,0.014977115,2.438577147,pcc7942,e,72,0,0,1-genomic,f6p,2,2,0,na,"mtld,mlp",288,4.313409251,702.3102183
pcfs,30,31.25,0,1-shakingflask,1-batch,1-open,na,na,na,na,247,5.43,0.04,1,na,3.78,0,na,na,0,na,0,na,0,farnesene,15,24,0,0,94.79,0,0,0,na,0.003959533,pcc7942,e,73,0,0,2-plasmid,FPP,1,1,0,na,farnesene synthase,72,na,0.285086381
,30,31.25,0,1-shakingflask,1-batch,1-open,na,na,na,na,247,5.43,0.04,1,na,3.78,0,na,na,0,na,0,na,0,farnesene,15,24,0,0,94.79,0,0,0,na,0.010355746,pcc7942,e,73,0,0,2-plasmid,FPP,1,1,0,na,farnesene synthase,144,na,1.491227401
,30,31.25,0,1-shakingflask,1-batch,1-open,na,na,na,na,247,5.43,0.04,1,na,3.78,0,na,na,0,na,0,na,0,farnesene,15,24,0,0,94.79,0,0,0,na,0.010873535,pcc7942,e,73,0,0,2-plasmid,FPP,1,1,0,na,farnesene synthase,240,na,2.609648454
,30,31.25,0,1-shakingflask,1-batch,1-open,na,na,na,na,247,5.43,0.04,1,na,3.78,0,na,na,0,na,0,na,0,farnesene,15,24,0,0,94.79,0,0,0,na,0.012074455,pcc7942,e,73,0,0,2-plasmid,FPP,1,1,0,na,farnesene synthase,336,na,4.057016875
,30,31.25,0,1-shakingflask,1-batch,1-open,na,na,na,na,247,5.43,0.04,1,na,3.78,0,na,na,0,na,0,na,0,farnesene,15,24,0,0,94.79,0,0,0,na,0.012093653,pcc7942,e,73,0,0,2-plasmid,FPP,1,1,0,na,farnesene synthase,408,na,4.934210526
,30,31.25,0,1-shakingflask,1-batch,1-open,na,na,na,na,247,5.43,0.04,1,na,3.78,0,na,na,0,na,0,na,0,farnesene,15,24,0,0,94.79,0,0,0,na,0.014228279,pcc7942,e,73,0,0,2-plasmid,FPP,1,1,0,na,farnesene synthase,504,na,7.171052632
pcbs,30,31.25,0,1-shakingflask,1-batch,1-open,na,na,na,na,247,5.43,0.04,1,na,3.78,0,na,na,0,na,0,na,0,bisabolene,15,24,0,0,-29.23,0,0,0,na,0.002583268,pcc7942,e,73,0,0,2-plasmid,FPP,1,1,0,na,bisabolene synthase,72,na,0.185995296
,30,31.25,0,1-shakingflask,1-batch,1-open,na,na,na,na,247,5.43,0.04,1,na,3.78,0,na,na,0,na,0,na,0,bisabolene,15,24,0,0,-29.23,0,0,0,na,0.005812363,pcc7942,e,73,0,0,2-plasmid,FPP,1,1,0,na,bisabolene synthase,144,na,0.836980334
,30,31.25,0,1-shakingflask,1-batch,1-open,na,na,na,na,247,5.43,0.04,1,na,3.78,0,na,na,0,na,0,na,0,bisabolene,15,24,0,0,-29.23,0,0,0,na,0.006952042,pcc7942,e,73,0,0,2-plasmid,FPP,1,1,0,na,bisabolene synthase,240,na,1.668490042
,30,31.25,0,1-shakingflask,1-batch,1-open,na,na,na,na,247,5.43,0.04,1,na,3.78,0,na,na,0,na,0,na,0,bisabolene,15,24,0,0,-29.23,0,0,0,na,0.006219391,pcc7942,e,73,0,0,2-plasmid,FPP,1,1,0,na,bisabolene synthase,336,na,2.089715522
,30,31.25,0,1-shakingflask,1-batch,1-open,na,na,na,na,247,5.43,0.04,1,na,3.78,0,na,na,0,na,0,na,0,bisabolene,15,24,0,0,-29.23,0,0,0,na,0.004853692,pcc7942,e,73,0,0,2-plasmid,FPP,1,1,0,na,bisabolene synthase,408,na,1.980306245
,30,31.25,0,1-shakingflask,1-batch,1-open,na,na,na,na,247,5.43,0.04,1,na,3.78,0,na,na,0,na,0,na,0,bisabolene,15,24,0,0,-29.23,0,0,0,na,0.003549286,pcc7942,e,73,0,0,2-plasmid,FPP,1,1,0,na,bisabolene synthase,504,na,1.788840322
sz3-1,30,100,0,2-cylindricalPBR,1-batch,1-open,100,65,2.361,na,247,5.43,0.04,1,na,0,0,8,na,0,na,0,na,0,glucose,6,12,0,6,-1273.3,0,0,0,0.147777778,1.590277778,pcc7942,e,74,1,2,1-genomic,sucrose,2,0,0,"glk1,glk2",na,48,7.093333333,76.33333333
,30,100,0,2-cylindricalPBR,1-batch,1-open,100,65,2.361,na,247,5.43,0.04,1,na,0,0,8,na,0,na,0,na,0,glucose,6,12,0,6,-1273.3,0,0,0,0.087211851,3.84375,pcc7942,e,74,1,2,1-genomic,sucrose,2,0,0,"glk1,glk2",na,96,8.372337667,369
,30,100,0,2-cylindricalPBR,1-batch,1-open,100,65,2.361,na,247,5.43,0.04,1,na,0,0,8,na,0,na,0,na,0,glucose,6,12,0,6,-1273.3,0,0,0,0.058318972,4.819830324,pcc7942,e,74,1,2,1-genomic,sucrose,2,0,0,"glk1,glk2",na,144,8.397932,694.0555667
,30,100,0,2-cylindricalPBR,1-batch,1-open,100,65,2.361,na,247,5.43,0.04,1,na,0,0,8,na,0,na,0,na,0,glucose,6,12,0,6,-1273.3,0,0,0,0.042586806,5.629734375,pcc7942,e,74,1,2,1-genomic,sucrose,2,0,0,"glk1,glk2",na,192,8.176666667,1080.909
,30,100,0,2-cylindricalPBR,1-batch,1-open,100,65,2.361,na,247,5.43,0.04,1,na,0,0,8,na,0,na,0,na,0,glucose,6,12,0,6,-1273.3,0,0,0,0.030347222,5.8537875,pcc7942,e,74,1,2,1-genomic,sucrose,2,0,0,"glk1,glk2",na,240,7.283333333,1404.909
,30,100,0,2-cylindricalPBR,1-batch,1-open,100,65,2.361,na,247,5.43,0.04,1,na,0,0,8,na,0,na,0,na,0,glucose,6,12,0,6,-1273.3,0,0,0,0.024861111,5.316666667,pcc7942,e,74,1,2,1-genomic,sucrose,2,0,0,"glk1,glk2",na,288,7.16,1531.2
,30,100,0,2-cylindricalPBR,1-batch,1-open,100,65,2.361,na,247,5.43,0.04,1,na,0,0,8,na,0,na,0,na,0,glucose,6,12,0,6,-1273.3,0,0,0,0.020486111,4.522186508,pcc7942,e,74,1,2,1-genomic,sucrose,2,0,0,"glk1,glk2",na,336,6.883333333,1519.454667
,30,100,0,2-cylindricalPBR,1-batch,1-open,100,65,2.361,na,247,5.43,0.04,1,na,0,0,8,na,0,na,0,na,0,glucose,6,12,0,6,-1273.3,0,0,0,0.015894097,4.281486979,pcc7942,e,74,1,2,1-genomic,sucrose,2,0,0,"glk1,glk2",na,384,6.103333333,1644.091
sz17-1,30,100,0,2-cylindricalPBR,1-batch,1-open,100,65,1.959,na,247,5.43,0.04,1,na,0,0,8,na,0,na,0,IPTG,0.1,glucose,6,12,0,6,-1273.3,1,0,0,0.143888889,0.625385833,pcc7942,e,74,0,2,1-genomic,sucrose,2,1,0,"glk1,glk2",galp,48,6.906666667,30.01852
,30,100,0,2-cylindricalPBR,1-batch,1-open,100,65,1.959,na,247,5.43,0.04,1,na,0,0,8,na,0,na,0,IPTG,0.1,glucose,6,12,0,6,-1273.3,1,0,0,0.090309139,0.826774722,pcc7942,e,74,0,2,1-genomic,sucrose,2,1,0,"glk1,glk2",galp,96,8.669677333,79.37037333
,30,100,0,2-cylindricalPBR,1-batch,1-open,100,65,1.959,na,247,5.43,0.04,1,na,0,0,8,na,0,na,0,IPTG,0.1,glucose,6,12,0,6,-1273.3,1,0,0,0.067281813,0.967881944,pcc7942,e,74,0,2,1-genomic,sucrose,2,1,0,"glk1,glk2",galp,144,9.688581,139.375
,30,100,0,2-cylindricalPBR,1-batch,1-open,100,65,1.959,na,247,5.43,0.04,1,na,0,0,8,na,0,na,0,IPTG,0.1,glucose,6,12,0,6,-1273.3,1,0,0,0.050034722,1.177491667,pcc7942,e,74,0,2,1-genomic,sucrose,2,1,0,"glk1,glk2",galp,192,9.606666667,226.0784
,30,100,0,2-cylindricalPBR,1-batch,1-open,100,65,1.959,na,247,5.43,0.04,1,na,0,0,8,na,0,na,0,IPTG,0.1,glucose,6,12,0,6,-1273.3,1,0,0,0.035652778,1.714305556,pcc7942,e,74,0,2,1-genomic,sucrose,2,1,0,"glk1,glk2",galp,240,8.556666667,411.4333333
,30,100,0,2-cylindricalPBR,1-batch,1-open,100,65,1.959,na,247,5.43,0.04,1,na,0,0,8,na,0,na,0,IPTG,0.1,glucose,6,12,0,6,-1273.3,1,0,0,0.025648148,1.844276157,pcc7942,e,74,0,2,1-genomic,sucrose,2,1,0,"glk1,glk2",galp,288,7.386666667,531.1515333
,30,100,0,2-cylindricalPBR,1-batch,1-open,100,65,1.959,na,247,5.43,0.04,1,na,0,0,8,na,0,na,0,IPTG,0.1,glucose,6,12,0,6,-1273.3,1,0,0,0.02031746,2.438905456,pcc7942,e,74,0,2,1-genomic,sucrose,2,1,0,"glk1,glk2",galp,336,6.826666667,819.4722333
,30,100,0,2-cylindricalPBR,1-batch,1-open,100,65,1.959,na,247,5.43,0.04,1,na,0,0,8,na,0,na,0,IPTG,0.1,glucose,6,12,0,6,-1273.3,1,0,0,0.01609375,2.615234115,pcc7942,e,74,0,2,1-genomic,sucrose,2,1,0,"glk1,glk2",galp,384,6.18,1004.2499
sz3-2,30,200,0,2-cylindricalPBR,1-batch,1-open,100,65,1,na,247,5.43,3,1,na,0,0,8,na,0,na,0,na,0,glucose,6,12,0,6,-1273.3,0,0,0,0.043923611,0.701388889,pcc7942,e,74,1,2,1-genomic,sucrose,2,0,0,"glk1,glk2",na,48,2.108333333,33.66666667
,30,200,0,2-cylindricalPBR,1-batch,1-open,100,65,1,na,247,5.43,3,1,na,0,0,8,na,0,na,0,na,0,glucose,6,12,0,6,-1273.3,0,0,0,0.035416667,2.170717708,pcc7942,e,74,1,2,1-genomic,sucrose,2,0,0,"glk1,glk2",na,96,3.4,208.3889
,30,200,0,2-cylindricalPBR,1-batch,1-open,100,65,1,na,247,5.43,3,1,na,0,0,8,na,0,na,0,na,0,glucose,6,12,0,6,-1273.3,0,0,0,0.037569444,2.93711412,pcc7942,e,74,1,2,1-genomic,sucrose,2,0,0,"glk1,glk2",na,144,5.41,422.9444333
,30,200,0,2-cylindricalPBR,1-batch,1-open,100,65,1,na,247,5.43,3,1,na,0,0,8,na,0,na,0,na,0,glucose,6,12,0,6,-1273.3,0,0,0,0.037326389,3.749526563,pcc7942,e,74,1,2,1-genomic,sucrose,2,0,0,"glk1,glk2",na,192,7.166666667,719.9091
,30,200,0,2-cylindricalPBR,1-batch,1-open,100,65,1,na,247,5.43,3,1,na,0,0,8,na,0,na,0,na,0,glucose,6,12,0,6,-1273.3,0,0,0,0.030819444,4.054544722,pcc7942,e,74,1,2,1-genomic,sucrose,2,0,0,"glk1,glk2",na,240,7.396666667,973.0907333
,30,200,0,2-cylindricalPBR,1-batch,1-open,100,65,1,na,247,5.43,3,1,na,0,0,8,na,0,na,0,na,0,glucose,6,12,0,6,-1273.3,0,0,0,0.023819444,3.690625,pcc7942,e,74,1,2,1-genomic,sucrose,2,0,0,"glk1,glk2",na,288,6.86,1062.9
,30,200,0,2-cylindricalPBR,1-batch,1-open,100,65,1,na,247,5.43,3,1,na,0,0,8,na,0,na,0,na,0,glucose,6,12,0,6,-1273.3,0,0,0,0.024027778,3.462661706,pcc7942,e,74,1,2,1-genomic,sucrose,2,0,0,"glk1,glk2",na,336,8.073333333,1163.454333
,30,200,0,2-cylindricalPBR,1-batch,1-open,100,65,1,na,247,5.43,3,1,na,0,0,8,na,0,na,0,na,0,glucose,6,12,0,6,-1273.3,0,0,0,0.020685764,2.947679688,pcc7942,e,74,1,2,1-genomic,sucrose,2,0,0,"glk1,glk2",na,384,7.943333333,1131.909
sz17-2,30,200,0,2-cylindricalPBR,1-batch,1-open,100,65,1,na,247,5.43,3,1,na,0,0,8,na,0,na,0,IPTG,0.1,glucose,6,12,0,6,-1273.3,1,0,0,0.057847222,0.783564792,pcc7942,e,74,0,2,1-genomic,sucrose,2,1,0,"glk1,glk2",galp,48,2.776666667,37.61111
,30,200,0,2-cylindricalPBR,1-batch,1-open,100,65,1,na,247,5.43,3,1,na,0,0,8,na,0,na,0,IPTG,0.1,glucose,6,12,0,6,-1273.3,1,0,0,0.050694444,0.629243854,pcc7942,e,74,0,2,1-genomic,sucrose,2,1,0,"glk1,glk2",galp,96,4.866666667,60.40741
,30,200,0,2-cylindricalPBR,1-batch,1-open,100,65,1,na,247,5.43,3,1,na,0,0,8,na,0,na,0,IPTG,0.1,glucose,6,12,0,6,-1273.3,1,0,0,0.041898148,0.599247685,pcc7942,e,74,0,2,1-genomic,sucrose,2,1,0,"glk1,glk2",galp,144,6.033333333,86.29166667
,30,200,0,2-cylindricalPBR,1-batch,1-open,100,65,1,na,247,5.43,3,1,na,0,0,8,na,0,na,0,IPTG,0.1,glucose,6,12,0,6,-1273.3,1,0,0,0.037083333,0.593852083,pcc7942,e,74,0,2,1-genomic,sucrose,2,1,0,"glk1,glk2",galp,192,7.12,114.0196
,30,200,0,2-cylindricalPBR,1-batch,1-open,100,65,1,na,247,5.43,3,1,na,0,0,8,na,0,na,0,IPTG,0.1,glucose,6,12,0,6,-1273.3,1,0,0,0.031125,0.696388889,pcc7942,e,74,0,2,1-genomic,sucrose,2,1,0,"glk1,glk2",galp,240,7.47,167.1333333
,30,200,0,2-cylindricalPBR,1-batch,1-open,100,65,1,na,247,5.43,3,1,na,0,0,8,na,0,na,0,IPTG,0.1,glucose,6,12,0,6,-1273.3,1,0,0,0.022476852,0.642887153,pcc7942,e,74,0,2,1-genomic,sucrose,2,1,0,"glk1,glk2",galp,288,6.473333333,185.1515
,30,200,0,2-cylindricalPBR,1-batch,1-open,100,65,1,na,247,5.43,3,1,na,0,0,8,na,0,na,0,IPTG,0.1,glucose,6,12,0,6,-1273.3,1,0,0,0.020982143,0.787367659,pcc7942,e,74,0,2,1-genomic,sucrose,2,1,0,"glk1,glk2",galp,336,7.05,264.5555333
,30,200,0,2-cylindricalPBR,1-batch,1-open,100,65,1,na,247,5.43,3,1,na,0,0,8,na,0,na,0,IPTG,0.1,glucose,6,12,0,6,-1273.3,1,0,0,0.018784722,0.860749392,pcc7942,e,74,0,2,1-genomic,sucrose,2,1,0,"glk1,glk2",galp,384,7.213333333,330.5277667
sz123,30,200,0,2-cylindricalPBR,1-batch,1-open,100,65,1,na,247,5.43,3,1,na,0,0,8,na,0,na,0,na,0,glucose,6,12,0,6,-1273.3,0,0,1,na,9.090854167,pcc7942,e,74,1,2,1-genomic,sucrose,2,0,1,"glk1,glk2",pgm,48,na,436.361
,30,200,0,2-cylindricalPBR,1-batch,1-open,100,65,1,na,247,5.43,3,1,na,0,0,8,na,0,na,0,na,0,glucose,6,12,0,6,-1273.3,0,0,1,na,8.748555556,pcc7942,e,74,1,2,1-genomic,sucrose,2,0,1,"glk1,glk2",pgm,96,na,839.8613333
,30,200,0,2-cylindricalPBR,1-batch,1-open,100,65,1,na,247,5.43,3,1,na,0,0,8,na,0,na,0,na,0,glucose,6,12,0,6,-1273.3,0,0,1,na,8.285354167,pcc7942,e,74,1,2,1-genomic,sucrose,2,0,1,"glk1,glk2",pgm,144,na,1193.091
,30,200,0,2-cylindricalPBR,1-batch,1-open,100,65,1,na,247,5.43,3,1,na,0,0,8,na,0,na,0,na,0,glucose,6,12,0,6,-1273.3,0,0,1,na,9.900520833,pcc7942,e,74,1,2,1-genomic,sucrose,2,0,1,"glk1,glk2",pgm,192,na,1900.9
,30,200,0,2-cylindricalPBR,1-batch,1-open,100,65,1,na,247,5.43,3,1,na,0,0,8,na,0,na,0,na,0,glucose,6,12,0,6,-1273.3,0,0,1,na,8.777145833,pcc7942,e,74,1,2,1-genomic,sucrose,2,0,1,"glk1,glk2",pgm,240,na,2106.515
,30,200,0,2-cylindricalPBR,1-batch,1-open,100,65,1,na,247,5.43,3,1,na,0,0,8,na,0,na,0,na,0,glucose,6,12,0,6,-1273.3,0,0,1,na,8.133524306,pcc7942,e,74,1,2,1-genomic,sucrose,2,0,1,"glk1,glk2",pgm,288,na,2342.455
l1118,30,75,0,5-roaxbottle,1-batch,1-open,1000,na,na,na,247,5.43,5,1,50,0,0,8.2,na,0,na,0,na,0,limonene,10,16,0,0,-93.3,0,0,0,0.016384984,0.020833333,pcc7942,e,77,0,0,1-genomic,IPP. DMAPP,1,1,0,na,ls,144,2.359437751,3
lsps,30,75,0,5-roaxbottle,1-batch,1-open,1000,na,na,na,247,5.43,5,1,50,0,0,8.2,na,0,na,0,na,0,limonene,10,16,0,0,-93.3,0,0,0,0.013317158,0.028472222,pcc7942,e,77,0,1,1-genomic,IPP. DMAPP,1,1,0,sps,ls,144,1.917670683,4.1
l1118 op,37,380,0,2-cylindricalPBR,1-batch,1-open,100,na,na,increasing light intensity,247,5.43,5,1,100,0,0,8.2,na,0,na,0,na,0,limonene,10,16,0,0,-93.3,0,0,0,na,0.073678862,pcc7942,e,77,0,0,1-genomic,IPP. DMAPP,1,1,0,na,ls,120,na,8.841463415
lglgc op,37,380,0,2-cylindricalPBR,1-batch,1-open,100,na,na,increasing light intensity,247,5.43,5,1,100,0,0,8.2,na,0,na,0,na,0,limonene,10,16,0,0,-93.3,0,0,0,na,0.129573171,pcc7942,e,77,0,2,1-genomic,IPP. DMAPP,1,1,0,"sps,glgc",ls,120,na,15.54878049
push pull op,37,380,0,2-cylindricalPBR,1-batch,1-open,100,na,na,increasing light intensity,247,5.43,5,1,100,0,0,8.2,na,0,na,0,na,0,limonene,10,16,0,0,-93.3,0,0,1,na,0.175304878,pcc7942,e,77,0,2,1-genomic,IPP. DMAPP,1,1,0,"sps,glgc",ls,120,na,21.03658537
js28,na,150,0,2-cylindricalPBR,1-batch,1-open,350,na,0.5,na,247,5.43,3,1,na,0,0,na,na,0,na,0,IPTG,0,sucrose,12,22,0,11,-2221.2,1,0,0,0.059300874,5.414312618,pcc7942,e,78,0,0,1-genomic,glycogen,3,2,0,na,"sps,cscb",72,4.269662921,389.8305085
js28,na,150,0,2-cylindricalPBR,1-batch,1-open,350,na,0.5,na,247,5.43,3,1,na,0,0,na,na,0,na,0,IPTG,0,sucrose,12,22,0,11,-2221.2,1,0,0,0.046816479,3.060263653,pcc7942,e,78,0,0,1-genomic,glycogen,3,2,0,na,"sps,cscb",144,6.741573034,440.6779661
js28,na,150,0,2-cylindricalPBR,1-batch,1-open,350,na,0.5,na,247,5.43,3,1,na,0,0,na,na,0,na,0,IPTG,0,sucrose,12,22,0,11,-2221.2,1,0,0,0.027673741,2.157878217,pcc7942,e,78,0,0,1-genomic,glycogen,3,2,0,na,"sps,cscb",216,5.97752809,466.1016949
js34,na,150,0,2-cylindricalPBR,1-batch,1-open,350,na,0.5,na,247,5.43,3,1,na,0,0,na,na,0,na,0,IPTG,0,sucrose,12,22,0,11,-2221.2,1,0,1,0.058676654,6.473634652,pcc7942,e,78,0,0,1-genomic,glycogen,3,2,1,na,"glgp,sps,cscb",72,4.224719101,466.1016949
js34,na,150,0,2-cylindricalPBR,1-batch,1-open,350,na,0.5,na,247,5.43,3,1,na,0,0,na,na,0,na,0,IPTG,0,sucrose,12,22,0,11,-2221.2,1,0,1,0.039637953,4.354990584,pcc7942,e,78,0,0,1-genomic,glycogen,3,2,1,na,"glgp,sps,cscb",144,5.707865169,627.1186441
js34,na,150,0,2-cylindricalPBR,1-batch,1-open,350,na,0.5,na,247,5.43,3,1,na,0,0,na,na,0,na,0,IPTG,0,sucrose,12,22,0,11,-2221.2,1,0,1,0.020807324,5.375078468,pcc7942,e,78,0,0,1-genomic,glycogen,3,2,1,na,"glgp,sps,cscb",216,4.494382022,1161.016949
fl130,na,150,0,2-cylindricalPBR,1-batch,1-open,350,na,0.5,na,247,5.43,3,1,na,0,0,na,na,0,na,0,IPTG,0,sucrose,12,22,0,11,-2221.2,1,0,1,0.078027466,0.588512241,pcc7942,e,78,0,0,1-genomic,glycogen,3,2,0,na,"sps,cscb",72,5.617977528,42.37288136
fl130,na,150,0,2-cylindricalPBR,1-batch,1-open,350,na,0.5,na,247,5.43,3,1,na,0,0,na,na,0,na,0,IPTG,0,sucrose,12,22,0,11,-2221.2,1,0,1,0.046816479,0.941619586,pcc7942,e,78,0,0,1-genomic,glycogen,3,2,0,na,"sps,cscb",144,6.741573034,135.5932203
fl130,na,150,0,2-cylindricalPBR,1-batch,1-open,350,na,0.5,na,247,5.43,3,1,na,0,0,na,na,0,na,0,IPTG,0,sucrose,12,22,0,11,-2221.2,1,0,1,0.027673741,1.020087884,pcc7942,e,78,0,0,1-genomic,glycogen,3,2,0,na,"sps,cscb",216,5.97752809,220.3389831
js33,na,150,0,2-cylindricalPBR,1-batch,1-open,350,na,0.5,na,247,5.43,3,1,na,0,0,na,na,0,na,0,IPTG,0,sucrose,12,22,0,11,-2221.2,1,0,0,0.06741573,0.235404896,pcc7942,e,78,0,0,1-genomic,glycogen,3,2,1,na,"glgp,sps,cscb",72,4.853932584,16.94915254
js33,na,150,0,2-cylindricalPBR,1-batch,1-open,350,na,0.5,na,247,5.43,3,1,na,0,0,na,na,0,na,0,IPTG,0,sucrose,12,22,0,11,-2221.2,1,0,0,0.039637953,0.706214689,pcc7942,e,78,0,0,1-genomic,glycogen,3,2,1,na,"glgp,sps,cscb",144,5.707865169,101.6949153
js33,na,150,0,2-cylindricalPBR,1-batch,1-open,350,na,0.5,na,247,5.43,3,1,na,0,0,na,na,0,na,0,IPTG,0,sucrose,12,22,0,11,-2221.2,1,0,0,0.02372035,0.62774639,pcc7942,e,78,0,0,1-genomic,glycogen,3,2,1,na,"glgp,sps,cscb",216,5.123595506,135.5932203
ML31,30,35,0,2-cylindricalPBR,1-batch,1-open,250,40,0.2,na,247,5.43,0.04,1,100,50,0,na,na,0,na,0,IPTG,0.1,succinate,4,6,0,4,-939,0,0,0,0.00977607,1.842309397,pcc7942,e,79,0,0,1-genomic,PEP,6,0,4,na,"abd,kgd,glta,ppc",192,1.877005348,353.7234043
ML19,30,35,0,2-cylindricalPBR,1-batch,1-open,250,40,0.2,na,247,5.43,0.04,1,100,50,0,na,na,0,na,0,IPTG,0.1,succinate,4,6,0,4,-939,0,0,0,0.011781417,2.889516844,pcc7942,e,79,0,1,1-genomic,PEP,6,0,4,sdhb2,"abd,kgd,glta,ppc",192,2.262032086,554.787234
ML21,30,35,0,2-cylindricalPBR,1-batch,1-open,250,40,0.2,na,247,5.43,0.04,1,100,50,0,na,na,0,na,0,IPTG,0.1,succinate,4,6,0,4,-939,0,0,0,0.011781417,2.32712766,pcc7942,e,79,0,1,1-genomic,PEP,6,0,4,glgc1,"abd,kgd,glta,ppc",192,2.262032086,446.8085106
CR8,30,35,0,2-cylindricalPBR,1-batch,1-open,250,40,0.2,na,247,5.43,0.04,1,100,50,0,na,na,0,na,0,IPTG,0.1,succinate,4,6,0,4,-939,0,0,0,0.010444519,3.296764184,pcc7942,e,79,0,2,1-genomic,PEP,6,0,4,"sdhb2,glgc1","abd,kgd,glta,ppc",192,2.005347594,632.9787234
CR8,30,200,0,2-cylindricalPBR,1-batch,1-open,100,60,0.2,na,247,5.43,0.04,1,100,0,0,na,na,0,na,0,IPTG,0.1,succinate,4,6,0,4,-939,0,0,0,0.0120127,9.086345382,pcc7942,e,79,0,2,1-genomic,PEP,6,0,4,"sdhb2,glgc1","abd,kgd,glta,ppc",288,3.459657702,2616.86747
CR8,30,200,0,2-cylindricalPBR,1-batch,1-open,100,60,0.2,na,247,5.43,0.04,1,100,0,0,na,na,0,na,0,IPTG,0.1,succinate,4,6,0,4,-939,0,0,0,0.00573044,7.50502008,pcc7942,e,79,0,2,1-genomic,PEP,6,0,4,"sdhb2,glgc1","abd,kgd,glta,ppc",576,3.300733496,4322.891566
CR8,30,200,0,2-cylindricalPBR,1-batch,1-open,100,60,0.2,na,247,5.43,0.04,1,100,0,0,na,na,0,na,0,IPTG,0.1,succinate,4,6,0,4,-939,0,0,0,0.003899883,5.948795181,pcc7942,e,79,0,2,1-genomic,PEP,6,0,4,"sdhb2,glgc1","abd,kgd,glta,ppc",768,2.995110024,4568.674699
CR8,30,200,0,2-cylindricalPBR,1-batch,1-open,100,60,0.2,na,247,5.43,5,1,100,0,0,na,na,0,na,0,IPTG,0.1,succinate,4,6,0,4,-939,0,0,0,0.015663203,8.584337349,pcc7942,e,79,0,2,1-genomic,PEP,6,0,4,"sdhb2,glgc1","abd,kgd,glta,ppc",288,4.511002445,2472.289157
CR8,30,200,0,2-cylindricalPBR,3-semicontinuous,1-open,100,60,0.2,re-innoculate cells,247,5.43,5,1,100,0,0,na,na,0,na,0,IPTG,0.1,succinate,4,6,0,4,-939,0,0,0,0.007088767,6.952811245,pcc7942,e,79,0,2,1-genomic,PEP,6,0,4,"sdhb2,glgc1","abd,kgd,glta,ppc",576,4.083129584,4004.819277
CR8,30,200,0,2-cylindricalPBR,3-semicontinuous,1-open,100,60,0.2,re-innoculate cells,247,5.43,5,1,100,0,0,na,na,0,na,0,IPTG,0.1,succinate,4,6,0,4,-939,0,0,0,0.003326839,5.647590361,pcc7942,e,79,0,2,1-genomic,PEP,6,0,4,"sdhb2,glgc1","abd,kgd,glta,ppc",768,2.555012225,4337.349398
CR8,30,200,0,2-cylindricalPBR,3-semicontinuous,1-open,100,60,0.2,re-innoculate cells,247,5.43,0.04,1,100,0,0,na,na,0,na,0,IPTG,0.1,succinate,4,6,0,4,-939,0,0,0,0.004713842,4.913076342,pcc7942,e,79,0,2,1-genomic,PEP,6,0,4,"sdhb2,glgc1","abd,kgd,glta,ppc",672,3.167701863,3301.587302
CR8,30,200,0,2-cylindricalPBR,3-semicontinuous,1-open,100,60,0.2,re-innoculate cells,247,5.43,0.04,1,100,0,0,na,na,0,na,0,IPTG,0.1,succinate,4,6,0,4,-939,0,0,0,0.005074312,4.346182918,pcc7942,e,79,0,2,1-genomic,PEP,6,0,4,"sdhb2,glgc1","abd,kgd,glta,ppc",1344,3.409937888,5841.269841
CR8,30,200,0,2-cylindricalPBR,3-semicontinuous,1-open,100,60,0.2,re-innoculate cells,247,5.43,0.04,1,100,0,0,na,na,0,na,0,IPTG,0.1,succinate,4,6,0,4,-939,0,0,0,0.005795253,3.55883094,pcc7942,e,79,0,2,1-genomic,PEP,6,0,4,"sdhb2,glgc1","abd,kgd,glta,ppc",2016,3.894409938,7174.603175
CR8,30,200,0,2-cylindricalPBR,3-semicontinuous,1-open,100,60,0.2,re-innoculate cells,247,5.43,0.04,1,100,0,0,na,na,0,na,0,IPTG,0.1,succinate,4,6,0,4,-939,0,0,0,0.004436557,3.283257748,pcc7942,e,79,0,2,1-genomic,PEP,6,0,4,"sdhb2,glgc1","abd,kgd,glta,ppc",2688,2.98136646,8825.396825
p120 with l-phe,30,30,0,1-shakingflask,1-batch,1-open,na,na,0.384615385,na,247,5.43,0.04,0,na,0,0,8,L-phenylalanine,300,-460.6,0,IPTG,1,2-phenylethanol,8,10,0,1,-124.15,0,0,0,0.004780983,0.284722222,pcc7942,e,80,0,0,1-genomic,chorismate,4,4,0,na,"kivd,arog,phea,adha",288,1.376923077,82
p120 ,30,30,0,1-shakingflask,1-batch,1-open,na,na,0.384615385,na,247,5.43,0.04,0,na,0,0,8,na,0,na,0,IPTG,1,2-phenylethanol,8,10,0,1,-124.15,0,0,0,0.025264303,0.736607143,pcc7942,e,80,0,0,1-genomic,chorismate,4,4,0,na,"kivd,arog,phea,adha",96,2.425373134,70.71428571
p120 ,30,30,0,1-shakingflask,1-batch,1-open,na,na,0.384615385,na,247,5.43,0.04,0,na,0,0,8,na,0,na,0,IPTG,1,2-phenylethanol,8,10,0,1,-124.15,0,0,0,0.013529109,0.393415179,pcc7942,e,80,0,0,1-genomic,chorismate,4,4,0,na,"kivd,arog,phea,adha",192,2.597588978,75.53571429
2pe_aroK,30,30,0,1-shakingflask,1-batch,1-open,na,na,1,na,247,5.43,0.04,0,na,0,0,8,na,0,na,0,IPTG,1,2-phenylethanol,8,10,0,1,-124.15,0,0,0,0.021227995,0.814732143,pcc7942,e,80,0,0,1-genomic,chorismate,4,4,1,na,"kivd,arog,phea,adha,arok",96,2.037887486,78.21428571
2pe_aroK,30,30,0,1-shakingflask,1-batch,1-open,na,na,1,na,247,5.43,0.04,0,na,0,0,8,na,0,na,0,IPTG,1,2-phenylethanol,8,10,0,1,-124.15,0,0,0,0.01562201,0.491071429,pcc7942,e,80,0,0,1-genomic,chorismate,4,4,1,na,"kivd,arog,phea,adha,arok",192,2.999425947,94.28571429
p120 with l-phe,30,30,0,1-shakingflask,1-batch,1-open,na,na,0.384615385,na,247,5.43,0.04,0,na,0,0,8,L-phenylalanine,300,-460.6,0,IPTG,1,2-phenylethanol,8,10,0,1,-124.15,0,0,0,0.01345218,0.699881376,pcc7942,e,80,0,0,1-genomic,chorismate,4,4,0,na,"kivd,arog,phea,adha",120,1.614261651,83.98576512
p120 with l-phe,30,30,0,1-shakingflask,1-batch,1-open,na,na,0.384615385,na,247,5.43,0.04,0,na,0,0,8,L-phenylalanine,300,-460.6,0,IPTG,1,2-phenylethanol,8,10,0,1,-124.15,0,0,0,0.008188284,0.326215896,pcc7942,e,80,0,0,1-genomic,chorismate,4,4,0,na,"kivd,arog,phea,adha",240,1.965188097,78.29181495
p120 with l-phe,30,30,0,1-shakingflask,1-batch,1-open,na,na,0.384615385,na,247,5.43,0.04,0,na,0,0,8,L-phenylalanine,300,-460.6,0,IPTG,1,2-phenylethanol,8,10,0,1,-124.15,0,0,0,0.007096513,0.24911032,pcc7942,e,80,0,0,1-genomic,chorismate,4,4,0,na,"kivd,arog,phea,adha",360,2.554744526,89.6797153
p120 with l-phe,30,30,0,1-shakingflask,1-batch,1-open,na,na,0.384615385,na,247,5.43,0.04,0,na,0,0,8,L-phenylalanine,300,-460.6,0,IPTG,1,2-phenylethanol,8,10,0,1,-124.15,0,0,0,0.006462895,0.237247924,pcc7942,e,80,0,0,1-genomic,chorismate,4,4,0,na,"kivd,arog,phea,adha",480,3.102189781,113.8790036
2pe aroK with l-phel,30,30,0,1-shakingflask,1-batch,1-open,na,na,1,na,247,5.43,0.04,0,na,0,0,8,L-phenylalanine,300,-460.6,0,IPTG,1,2-phenylethanol,8,10,0,1,-124.15,0,0,0,0.012048475,0.9371293,pcc7942,e,80,0,0,1-genomic,chorismate,4,4,1,na,"kivd,arog,phea,adha,arok",120,1.445816957,112.455516
2pe aroK with l-phel,30,30,0,1-shakingflask,1-batch,1-open,na,na,1,na,247,5.43,0.04,0,na,0,0,8,L-phenylalanine,300,-460.6,0,IPTG,1,2-phenylethanol,8,10,0,1,-124.15,0,0,0,0.007486431,0.883748517,pcc7942,e,80,0,0,1-genomic,chorismate,4,4,1,na,"kivd,arog,phea,adha,arok",240,1.796743403,212.0996441
2pe aroK with l-phel,30,30,0,1-shakingflask,1-batch,1-open,na,na,1,na,247,5.43,0.04,0,na,0,0,8,L-phenylalanine,300,-460.6,0,IPTG,1,2-phenylethanol,8,10,0,1,-124.15,0,0,0,0.00639466,0.735468565,pcc7942,e,80,0,0,1-genomic,chorismate,4,4,1,na,"kivd,arog,phea,adha,arok",360,2.302077485,264.7686833
2pe aroK with l-phel,30,30,0,1-shakingflask,1-batch,1-open,na,na,1,na,247,5.43,0.04,0,na,0,0,8,L-phenylalanine,300,-460.6,0,IPTG,1,2-phenylethanol,8,10,0,1,-124.15,0,0,0,0.005644067,0.581257414,pcc7942,e,80,0,0,1-genomic,chorismate,4,4,1,na,"kivd,arog,phea,adha,arok",480,2.709152162,279.0035587
l1118,37,50,0,2-cylindricalPBR,1-batch,1-open,na,na,na,na,247,5.43,5,0,na,0,0,7.8,na,0,na,0,na,0,limonene,10,16,0,0,-93.3,0,0,0,0.06981383,na,pcc7942,e,81,0,0,1-genomic,GPP,1,1,0,na,ls,72,5.026595745,na
l1118,37,50,0,2-cylindricalPBR,1-batch,1-open,na,na,na,na,247,5.43,5,0,na,0,0,7.8,na,0,na,0,na,0,limonene,10,16,0,0,-93.3,0,0,0,0.08643617,na,pcc7942,e,81,0,0,1-genomic,GPP,1,1,0,na,ls,144,12.44680851,na
l1118,37,50,0,2-cylindricalPBR,1-batch,1-open,na,na,na,na,247,5.43,5,0,na,0,0,7.8,na,0,na,0,na,0,limonene,10,16,0,0,-93.3,0,0,0,0.064114742,0.058526204,pcc7942,e,81,0,0,1-genomic,GPP,1,1,0,na,ls,168,10.7712766,9.832402235
lrpoD,37,50,0,2-cylindricalPBR,1-batch,1-open,na,na,na,na,247,5.43,5,0,na,0,0,7.8,na,0,na,0,na,0,limonene,10,16,0,0,-93.3,0,0,1,0.060948582,na,pcc7942,e,81,0,0,1-genomic,GPP,1,1,1,na,rpod,72,4.388297872,na
lrpoD,37,50,0,2-cylindricalPBR,1-batch,1-open,na,na,na,na,247,5.43,5,0,na,0,0,7.8,na,0,na,0,na,0,limonene,10,16,0,0,-93.3,0,0,1,0.081449468,na,pcc7942,e,81,0,0,1-genomic,GPP,1,1,1,na,rpod,144,11.7287234,na
lrpoD,37,50,0,2-cylindricalPBR,1-batch,1-open,na,na,na,na,247,5.43,5,0,na,0,0,7.8,na,0,na,0,na,0,limonene,10,16,0,0,-93.3,0,0,1,0.054616261,0.109736632,pcc7942,e,81,0,0,1-genomic,GPP,1,1,1,na,rpod,168,9.175531915,18.43575419
efe7942,30,50,0,1-shakingflask,2-fed-batch,1-open,na,na,na,na,247,5.43,5,0,na,100,0,8.2,na,0,na,0,na,0,ethylene,2,4,0,0,52.47,0,0,0,0.011849616,0.003392141,pcc7942,e,82,0,0,1-genomic,"AKG, arginine",1,1,0,na,efe,72,0.853172335,na
efe7942,30,50,0,1-shakingflask,2-fed-batch,1-open,na,na,na,na,247,5.43,5,0,na,100,0,8.2,na,0,na,0,na,0,ethylene,2,4,0,0,52.47,0,0,0,0.008756806,0.002180662,pcc7942,e,82,0,0,1-genomic,"AKG, arginine",1,1,0,na,efe,144,0.630490027,na
efe7942,30,50,0,1-shakingflask,2-fed-batch,1-open,na,na,na,na,247,5.43,5,0,na,100,0,8.2,na,0,na,0,na,0,ethylene,2,4,0,0,52.47,0,0,0,0.025496422,0.00260468,pcc7942,e,82,0,0,1-genomic,"AKG, arginine",1,1,0,na,efe,216,1.835742412,na
efe7942,30,50,0,1-shakingflask,2-fed-batch,1-open,na,na,na,na,247,5.43,5,0,na,100,0,8.2,na,0,na,0,na,0,ethylene,2,4,0,0,52.47,0,0,0,0.049598443,0.000454305,pcc7942,e,82,0,0,1-genomic,"AKG, arginine",1,1,0,na,efe,288,3.571087878,na
gd-efe7942,30,50,0,1-shakingflask,2-fed-batch,1-open,na,na,na,na,247,5.43,5,0,na,100,0,8.2,na,0,na,0,na,0,ethylene,2,4,0,0,52.47,0,0,0,0.033137773,0.01402287,pcc7942,e,82,0,0,1-genomic,"AKG, arginine",1,1,1,na,"efe,sll1077",72,2.385919643,na
gd-efe7942,30,50,0,1-shakingflask,2-fed-batch,1-open,na,na,na,na,247,5.43,5,0,na,100,0,8.2,na,0,na,0,na,0,ethylene,2,4,0,0,52.47,0,0,0,0.032476265,0.012175364,pcc7942,e,82,0,0,1-genomic,"AKG, arginine",1,1,1,na,"efe,sll1077",144,2.338291099,na
gd-efe7942,30,50,0,1-shakingflask,2-fed-batch,1-open,na,na,na,na,247,5.43,5,0,na,100,0,8.2,na,0,na,0,na,0,ethylene,2,4,0,0,52.47,0,0,0,0.043069258,0.01402287,pcc7942,e,82,0,0,1-genomic,"AKG, arginine",1,1,1,na,"efe,sll1077",216,3.100986559,na
gd-efe7942,30,50,0,1-shakingflask,2-fed-batch,1-open,na,na,na,na,247,5.43,5,0,na,100,0,8.2,na,0,na,0,na,0,ethylene,2,4,0,0,52.47,0,0,0,0.046687039,0.012508521,pcc7942,e,82,0,0,1-genomic,"AKG, arginine",1,1,1,na,"efe,sll1077",288,3.36146682,na
EL,30,1200,1,1-shakingflask,1-batch,1-open,1000,na,na,na,247,5.43,0.04,1,na,60,0,na,na,0,na,0,na,0,ethylene,2,4,0,0,52.47,0,0,0,na,2.124,pcc7942,e,83,0,0,1-genomic,"2OG, arginine",1,1,0,na,efe,10,na,na
AL,30,250,1,1-shakingflask,1-batch,1-open,1000,na,na,na,247,5.43,0.04,1,na,60,0,na,na,0,na,0,na,0,ethylene,2,4,0,0,52.47,0,0,0,na,0.89208,pcc7942,e,83,0,0,1-genomic,"2OG, arginine",1,1,0,na,efe,10,na,na
100L outdoor,38,1200,1,2-cylindricalPBR,1-batch,1-open,100000,na,na,outdoor growth,247,5.43,0.04,1,na,60,0,na,na,0,na,0,na,0,ethylene,2,4,0,0,52.47,0,0,0,na,1.8526,pcc7942,e,83,0,0,1-genomic,"2OG, arginine",1,1,0,na,efe,10,na,na
10L otdoor,38,1200,1,2-cylindricalPBR,1-batch,1-open,10000,na,na,outdoor growth,247,5.43,0.04,1,na,60,0,na,na,0,na,0,na,0,ethylene,2,4,0,0,52.47,0,0,0,na,1.9942,pcc7942,e,83,0,0,1-genomic,"2OG, arginine",1,1,0,na,efe,10,na,na
1L outdoor,38,1200,1,2-cylindricalPBR,1-batch,1-open,1000,na,na,outdoor growth,247,5.43,0.04,1,na,60,0,na,na,0,na,0,na,0,ethylene,2,4,0,0,52.47,0,0,0,na,2.124,pcc7942,e,83,0,0,1-genomic,"2OG, arginine",1,1,0,na,efe,10,na,na
sehl32fs,30,100,0,1-shakingflask,1-batch,1-open,na,100,0.7,na,247,5.43,0.04,1,10,10,0,7.5,na,0,na,0,IPTG,1,farnesene,15,24,0,0,94.79,0,0,0,0.004986702,0.000443262,pcc7942,e,84,0,0,1-genomic,FPP,1,4,0,na,"dxs,idi,ispa,afs",192,0.957446809,0.085106383
,30,100,0,1-shakingflask,1-batch,1-open,na,100,0.7,na,247,5.43,5,1,10,10,0,7.5,na,0,na,0,IPTG,1,farnesene,15,24,0,0,94.79,0,0,0,0.01662234,0.022606383,pcc7942,e,84,0,0,1-genomic,FPP,1,4,0,na,"dxs,idi,ispa,afs",192,3.191489362,4.340425532
,30,100,0,1-shakingflask,1-batch,1-open,na,100,0.7,na,247,5.43,10,1,10,10,0,7.5,na,0,na,0,IPTG,1,farnesene,15,24,0,0,94.79,0,0,0,0.012723214,0.016741071,pcc7942,e,84,0,0,1-genomic,FPP,1,4,0,na,"dxs,idi,ispa,afs",192,2.442857143,3.214285714
sehl-fn01,30,100,0,1-shakingflask,1-batch,1-open,na,100,0.7,na,247,5.43,0.04,1,10,10,0,7.5,na,0,na,0,IPTG,1,farnesene,15,24,0,0,94.79,0,0,0,0.0046875,0,pcc7942,e,84,0,1,1-genomic,FPP,1,4,0,ccm,"dxs,idi,ispa,afs",192,0.9,0
,30,100,0,1-shakingflask,1-batch,1-open,na,100,0.7,na,247,5.43,5,1,10,10,0,7.5,na,0,na,0,IPTG,1,farnesene,15,24,0,0,94.79,0,0,0,0.004017857,0.0046875,pcc7942,e,84,0,1,1-genomic,FPP,1,4,0,ccm,"dxs,idi,ispa,afs",192,0.771428571,0.9
,30,100,0,1-shakingflask,1-batch,1-open,na,100,0.7,na,247,5.43,10,1,10,10,0,7.5,na,0,na,0,IPTG,1,farnesene,15,24,0,0,94.79,0,0,0,0.007699275,0.010190217,pcc7942,e,84,0,1,1-genomic,FPP,1,4,0,ccm,"dxs,idi,ispa,afs",192,1.47826087,1.956521739
sehl-fn02,30,100,0,1-shakingflask,1-batch,1-open,na,100,0.7,na,247,5.43,0.04,1,10,10,0,7.5,na,0,na,0,IPTG,1,farnesene,15,24,0,0,94.79,0,0,0,0.011690647,0.002023381,pcc7942,e,84,0,0,1-genomic,FPP,1,6,0,na,"dxs,idi,ispa,afs,bica,ca",192,2.244604317,0.388489209
,30,100,0,1-shakingflask,1-batch,1-open,na,100,0.7,na,247,5.43,5,1,10,10,0,7.5,na,0,na,0,IPTG,1,farnesene,15,24,0,0,94.79,0,0,0,0.012140288,0.021807554,pcc7942,e,84,0,0,1-genomic,FPP,1,6,0,na,"dxs,idi,ispa,afs,bica,ca",192,2.330935252,4.18705036
,30,100,0,1-shakingflask,1-batch,1-open,na,100,0.7,na,247,5.43,10,1,10,10,0,7.5,na,0,na,0,IPTG,1,farnesene,15,24,0,0,94.79,0,0,0,0.005845324,0.016411871,pcc7942,e,84,0,0,1-genomic,FPP,1,6,0,na,"dxs,idi,ispa,afs,bica,ca",192,1.122302158,3.151079137
sehl-fn03,30,100,0,1-shakingflask,1-batch,1-open,na,100,0.7,na,247,5.43,0.04,1,10,10,0,7.5,na,0,na,0,IPTG,1,farnesene,15,24,0,0,94.79,0,0,0,0.006492077,0.00253081,pcc7942,e,84,0,1,1-genomic,FPP,1,6,0,ccm,"dxs,idi,ispa,afs,bica,ca",192,1.246478873,0.485915493
,30,100,0,1-shakingflask,1-batch,1-open,na,100,0.7,na,247,5.43,5,1,10,10,0,7.5,na,0,na,0,IPTG,1,farnesene,15,24,0,0,94.79,0,0,0,0.014964789,0.018485915,pcc7942,e,84,0,1,1-genomic,FPP,1,6,0,ccm,"dxs,idi,ispa,afs,bica,ca",192,2.873239437,3.549295775
,30,100,0,1-shakingflask,1-batch,1-open,na,100,0.7,na,247,5.43,10,1,10,10,0,7.5,na,0,na,0,IPTG,1,farnesene,15,24,0,0,94.79,0,0,0,0.01285461,0.026152482,pcc7942,e,84,0,1,1-genomic,FPP,1,6,0,ccm,"dxs,idi,ispa,afs,bica,ca",192,2.468085106,5.021276596
SeSC37S_MEP(const),30,100,0,1-shakingflask,1-batch,1-open,100,na,na,na,247,5.43,5,1,na,0,0,7.5,na,0,na,0,IPTG,1,squalene,30,50,0,0,-864.7,0,0,0,0.027633102,0.119375,pcc7942,i,85,0,0,1-genomic,FPP,1,4,0,na,"dxs,idi,ispa,cpc",192,5.305555556,22.92
SeSC37S,30,100,0,1-shakingflask,1-batch,1-open,100,na,na,na,247,5.43,5,1,na,0,0,7.5,na,0,na,0,na,0,squalene,30,50,0,0,-864.7,0,0,0,0.026186343,0.187494213,pcc7942,i,85,0,0,1-genomic,FPP,1,0,0,na,na,192,5.027777778,35.99888889
SeSC37S_MEP(const),30,37.5,1,2-cylindricalPBR,1-batch,1-open,100000,na,na,outdoor growth,247,5.43,5,1,na,0,0,7.5,na,0,na,0,IPTG,1,squalene,30,50,0,0,-864.7,0,0,0,0.004149378,0.007883817,pcc7942,i,85,0,0,1-genomic,FPP,1,4,0,na,"dxs,idi,ispa,cpc",264,1.095435685,2.081327801
SeSC37S_MEP(const),20,62.5,1,2-cylindricalPBR,1-batch,1-open,100000,na,na,outdoor growth,247,5.43,5,1,na,0,0,7.5,na,0,na,0,IPTG,1,squalene,30,50,0,0,-864.7,0,0,0,0.003772914,0.006640329,pcc7942,i,85,0,0,1-genomic,FPP,1,4,0,na,"dxs,idi,ispa,cpc",336,1.267699115,2.231150442
SA590-PK,30,120,0,1-shakingflask,1-batch,1-open,250,65,1.1,"5mg/L thiamin, 1 μM ZnCl2, while ZnSO4 and CuSO4",247,5.43,0.04,0,na,0,0,na,na,0,na,0,IPTG,1,aldehyde,2,4,0,1,-196.4,0,0,0,0.018135593,0.088309859,pcc7942,e,86,0,0,1-genomic,PEP,3,4,1,na,"kivd,alss,alvc,alvd,pk",30,1.58748772,13.65891473
SA590-PK-PK,30,120,0,1-shakingflask,1-batch,1-open,250,65,1.1,"5mg/L thiamin, 1 μM ZnCl2, while ZnSO4 and CuSO6",247,5.43,0.04,0,na,0,0,na,na,0,na,0,IPTG,1,aldehyde,2,4,0,1,-196.4,0,0,1,0.020084746,0.081971831,pcc7942,e,86,0,0,1-genomic,PEP,3,4,1,na,"kivd,alss,alvc,alvd,pk",30,na,na
SA590-PK-ALS,30,120,0,1-shakingflask,1-batch,1-open,250,65,1.1,"5mg/L thiamin, 1 μM ZnCl2, while ZnSO4 and CuSO7",247,5.43,0.04,0,na,0,0,na,na,0,na,0,IPTG,1,aldehyde,2,4,0,1,-196.4,0,0,0,0.018898305,0.085352113,pcc7942,e,86,0,0,1-genomic,PEP,3,5,1,na,"kivd,alss,alvc,alvd,pk,alss",30,na,na
SA590-PK-αPDH,30,120,0,1-shakingflask,1-batch,1-open,250,65,1.1,"5mg/L thiamin, 1 μM ZnCl2, while ZnSO4 and CuSO5",247,5.43,0.04,0,na,0,0,na,na,0,na,0,IPTG,1,aldehyde,2,4,0,1,-196.4,0,0,0,0.015932203,0.129295775,pcc7942,e,86,0,0,1-genomic,PEP,3,4,2,na,"kivd,alss,alvc,alvd,pk,pdhb",30,1.604081669,18.5249031
SA590-PK-PCK,30,120,0,1-shakingflask,1-batch,1-open,250,65,1.1,"5mg/L thiamin, 1 μM ZnCl2, while ZnSO4 and CuSO8",247,5.43,0.04,0,na,0,0,na,na,0,na,0,IPTG,1,aldehyde,2,4,0,1,-196.4,0,0,0,0.005084746,0.136056338,pcc7942,e,86,0,0,1-genomic,PEP,3,5,1,na,"kivd,alss,alvc,alvd,pk,pcka",30,0.774384254,12.20765504
aad,30,100,0,1-shakingflask,1-batch,1-open,na,100,0.6,na,247,5.43,5,1,na,0,0,na,na,0,na,0,IPTG,1,acetone,3,6,0,1,-249.4,0,0,0,0.019594595,0,pcc7942,e,87,0,0,1-genomic,pyruvate,4,3,0,na,"atob,atoda,adc",48,1.540540541,0
010,30,100,0,1-shakingflask,1-batch,1-open,na,100,0.6,na,247,5.43,5,1,na,0,0,na,na,0,na,0,IPTG,1,acetone,3,6,0,1,-249.4,0,0,0,0.031418919,0,pcc7942,e,87,0,0,1-genomic,pyruvate,0,2,0,na,"pdc,ald6",48,2.108108108,0
110,30,100,0,1-shakingflask,1-batch,1-open,na,100,0.6,na,247,5.43,5,1,na,0,0,na,na,0,na,0,IPTG,1,acetone,3,6,0,1,-249.4,0,0,0,0.019594595,0.112612613,pcc7942,e,87,0,0,1-genomic,pyruvate,6,5,0,na,"aad,pdc,ald5",48,1.540540541,5.405405405
020,30,100,0,1-shakingflask,1-batch,1-open,na,100,0.6,na,247,5.43,5,1,na,0,0,na,na,0,na,0,IPTG,1,acetone,3,6,0,1,-249.4,0,0,0,0.044932432,0,pcc7942,e,87,0,0,1-genomic,pyruvate,0,3,0,na,"pdc,ald6,acs",48,2.756756757,0
120,30,100,0,1-shakingflask,1-batch,1-open,na,100,0.6,na,247,5.43,5,1,na,0,0,na,na,0,na,0,IPTG,1,acetone,3,6,0,1,-249.4,0,0,0,0.019594595,0.337837838,pcc7942,e,87,0,0,1-genomic,pyruvate,6,5,0,na,"aad,pdc,ald5,acs",48,1.540540541,16.21621622
123,30,100,0,1-shakingflask,1-batch,1-open,na,100,0.6,na,247,5.43,5,1,na,0,0,na,na,0,na,0,IPTG,1,acetone,3,6,0,1,-249.4,0,0,0,0.024662162,0.788288288,pcc7942,e,87,0,0,1-genomic,pyruvate,7,7,0,na,"add,pdc,ald6,acs,mmc",48,1.783783784,37.83783784
nad,30,100,0,1-shakingflask,1-batch,1-open,na,100,0.6,na,247,5.43,5,1,na,0,0,na,na,0,na,0,IPTG,1,acetone,3,6,0,1,-249.4,0,0,0,0.016216216,0.011261261,pcc7942,e,87,0,0,1-genomic,pyruvate,5,3,0,na,"nphT7,atoDA,adc",48,1.378378378,0.540540541
310,30,100,0,1-shakingflask,1-batch,1-open,na,100,0.6,na,247,5.43,5,1,na,0,0,na,na,0,na,0,IPTG,1,acetone,3,6,0,1,-249.4,0,0,0,0.026351351,0.45045045,pcc7942,e,87,0,0,1-genomic,pyruvate,7,6,0,na,"nad,pdc,ald6",48,1.864864865,21.62162162
313,30,100,0,1-shakingflask,1-batch,1-open,na,100,0.6,na,247,5.43,5,1,na,0,0,na,na,0,na,0,IPTG,1,acetone,3,6,0,1,-249.4,0,0,0,0.022972973,1.463963964,pcc7942,e,87,0,0,1-genomic,pyruvate,8,7,0,na,"nad,pdc,ald6,mmc",48,1.702702703,70.27027027
aad,30,100,0,1-shakingflask,1-batch,1-open,na,100,0.6,na,247,5.43,5,1,na,0,0,na,na,0,na,0,IPTG,1,acetone,3,6,0,1,-249.4,0,0,0,0.024746622,0,pcc7942,e,87,0,0,1-genomic,pyruvate,4,3,0,na,"atob,atoda,adc",192,5.351351351,0
010,30,100,0,1-shakingflask,1-batch,1-open,na,100,0.6,na,247,5.43,5,1,na,0,0,na,na,0,na,0,IPTG,1,acetone,3,6,0,1,-249.4,0,0,0,0.020523649,0,pcc7942,e,87,0,0,1-genomic,pyruvate,0,2,0,na,"pdc,ald6",192,4.540540541,0
110,30,100,0,1-shakingflask,1-batch,1-open,na,100,0.6,na,247,5.43,5,1,na,0,0,na,na,0,na,0,IPTG,1,acetone,3,6,0,1,-249.4,0,0,0,0.020945946,1.126126126,pcc7942,e,87,0,0,1-genomic,pyruvate,6,5,0,na,"aad,pdc,ald5",192,4.621621622,216.2162162
020,30,100,0,1-shakingflask,1-batch,1-open,na,100,0.6,na,247,5.43,5,1,na,0,0,na,na,0,na,0,IPTG,1,acetone,3,6,0,1,-249.4,0,0,0,0.02347973,0,pcc7942,e,87,0,0,1-genomic,pyruvate,0,3,0,na,"aad,pdc,ald5,acs",192,5.108108108,0
120,30,100,0,1-shakingflask,1-batch,1-open,na,100,0.6,na,247,5.43,5,1,na,0,0,na,na,0,na,0,IPTG,1,acetone,3,6,0,1,-249.4,0,0,0,0.008277027,1.632882883,pcc7942,e,87,0,0,1-genomic,pyruvate,6,5,0,na,"aad,pdc,ald5,atob,atoda,adc,acs,pdc,ald6",192,2.189189189,313.5135135
123,30,100,0,1-shakingflask,1-batch,1-open,na,100,0.6,na,247,5.43,5,1,na,0,0,na,na,0,na,0,IPTG,1,acetone,3,6,0,1,-249.4,0,0,0,0.013344595,1.942567568,pcc7942,e,87,0,0,1-genomic,pyruvate,7,7,0,na,"add,pdc,ald6,acs,mmc",192,3.162162162,372.972973
nad,30,100,0,1-shakingflask,1-batch,1-open,na,100,0.6,na,247,5.43,5,1,na,0,0,na,na,0,na,0,IPTG,1,acetone,3,6,0,1,-249.4,0,0,0,0.005743243,0.002815315,pcc7942,e,87,0,0,1-genomic,pyruvate,5,3,0,na,"nphT7,atoDA,adc",192,1.702702703,0.540540541
310,30,100,0,1-shakingflask,1-batch,1-open,na,100,0.6,na,247,5.43,5,1,na,0,0,na,na,0,na,0,IPTG,1,acetone,3,6,0,1,-249.4,0,0,0,0.023057432,0.478603604,pcc7942,e,87,0,0,1-genomic,pyruvate,7,6,0,na,"nad,pdc,ald6",192,5.027027027,91.89189189
313,30,100,0,1-shakingflask,1-batch,1-open,na,100,0.6,na,247,5.43,5,1,na,0,0,na,na,0,na,0,IPTG,1,acetone,3,6,0,1,-249.4,0,0,0,0.015456081,0.731981982,pcc7942,e,87,0,0,1-genomic,pyruvate,8,7,0,na,"nad,pdc,ald6,mmc",192,3.567567568,140.5405405
TA3164,30,100,0,1-shakingflask,1-batch,1-open,50,20,0.025,na,247,5.43,1,1,na,10,0,7.5,na,0,na,0,IPTG,1,acetate,2,3,0,2,-483.52,0,0,0,0.027515286,0.074134487,pcc7942,e,88,0,0,1-genomic,pyruvate,3,0,0,na,laci,168,4.622568093,12.45459375
,30,100,0,1-shakingflask,1-batch,1-open,50,20,0.025,na,247,5.43,1,1,na,10,0,7.5,na,0,na,0,IPTG,1,acetate,2,3,0,2,-483.52,0,0,0,0.014382991,0.049422991,pcc7942,e,88,0,0,1-genomic,pyruvate,3,0,0,na,laci,336,4.832684825,16.606125
,30,100,0,1-shakingflask,1-batch,1-open,50,20,0.025,na,247,5.43,1,1,na,10,0,7.5,na,0,na,0,IPTG,1,acetate,2,3,0,2,-483.52,0,0,0,0.009171762,0.082371652,pcc7942,e,88,0,0,1-genomic,pyruvate,3,0,0,na,laci,504,4.622568093,41.5153125
TA4049,30,100,0,1-shakingflask,1-batch,1-open,50,20,0.025,na,247,5.43,1,1,na,10,0,7.5,na,0,na,0,IPTG,1,acetate,2,3,0,2,-483.52,0,0,0,0.022790439,0.626024554,pcc7942,e,88,0,0,1-genomic,pyruvate,3,2,0,na,"laci,pta,pdhABCD7942",168,3.828793774,105.172125
,30,100,0,1-shakingflask,1-batch,1-open,50,20,0.025,na,247,5.43,1,1,na,10,0,7.5,na,0,na,0,IPTG,1,acetate,2,3,0,2,-483.52,0,0,0,0.011464703,0.691921875,pcc7942,e,88,0,0,1-genomic,pyruvate,3,2,0,na,"laci,pta,pdhABCD7942",336,3.852140078,232.48575
,30,100,0,1-shakingflask,1-batch,1-open,50,20,0.025,na,247,5.43,1,1,na,10,0,7.5,na,0,na,0,IPTG,1,acetate,2,3,0,2,-483.52,0,0,0,0.005790254,0.582093006,pcc7942,e,88,0,0,1-genomic,pyruvate,3,2,0,na,"laci,pta,pdhABCD7942",504,2.918287938,293.374875
TA2503,30,100,0,1-shakingflask,1-batch,1-open,50,20,1.5,na,247,5.43,1,1,na,10,0,7.5,na,0,na,0,IPTG,1,isopropanol,3,8,0,1,-317,0,0,0,-0.16119403,0.089037037,pcc7942,e,88,0,0,1-genomic,pyruvate,6,5,0,na,"laci,thl.atoad,adc,adhe,pta",120,3.71641791,10.68444444
,30,100,0,1-shakingflask,1-batch,1-open,50,20,1.5,na,247,5.43,1,1,na,10,0,7.5,na,0,na,0,IPTG,1,isopropanol,3,8,0,1,-317,0,0,0,-0.147761194,0.061212963,pcc7942,e,88,0,0,1-genomic,pyruvate,6,5,0,na,"laci,thl.atoad,adc,adhe,pta",480,3.044776119,29.38222222
TA4040,30,100,0,1-shakingflask,1-batch,1-open,50,20,1.5,na,247,5.43,1,1,na,10,0,7.5,na,0,na,0,IPTG,1,isopropanol,3,8,0,1,-317,0,0,0,-0.241791045,0.511962963,pcc7942,e,88,0,0,1-genomic,pyruvate,6,6,0,na,"laci,thl.atoad,adc,adhe,pta,pdhabcd7942",120,2.731343284,61.43555556
,30,100,0,1-shakingflask,1-batch,1-open,50,20,1.5,na,247,5.43,1,1,na,10,0,7.5,na,0,na,0,IPTG,1,isopropanol,3,8,0,1,-317,0,0,0,-0.201492537,0.244851852,pcc7942,e,88,0,0,1-genomic,pyruvate,6,6,0,na,"laci,thl.atoad,adc,adhe,pta,pdhabcd7942",480,1.925373134,117.5288889
TA4051,30,100,0,1-shakingflask,1-batch,1-open,50,20,1.5,na,247,5.43,1,1,na,10,0,7.5,na,0,na,0,IPTG,1,isopropanol,3,8,0,1,-317,0,0,1,-0.107462687,1.558148148,pcc7942,e,88,0,0,1-genomic,pyruvate,6,6,0,na,"laci,thl.atoad,adc,adhe,pta,pdhabcd7942",120,1.835820896,186.9777778
,30,100,0,1-shakingflask,1-batch,1-open,50,20,1.5,na,247,5.43,1,1,na,10,0,7.5,na,0,na,0,IPTG,1,isopropanol,3,8,0,1,-317,0,0,1,-0.111940299,0.445185185,pcc7942,e,88,0,0,1-genomic,pyruvate,6,6,0,na,"laci,thl.atoad,adc,adhe,pta,pdhabcd7942",480,1.253731343,213.6888889
TA4050,30,100,0,1-shakingflask,1-batch,1-open,50,20,1.5,na,247,5.43,1,1,na,10,0,7.5,na,0,na,0,IPTG,1,isopropanol,3,8,0,1,-317,0,0,1,-0.089552239,1.869777778,pcc7942,e,88,1,0,1-genomic,pyruvate,6,6,0,na,"laci,thl.atoad,adc,adhe,pta,pdhabcd7942",120,1.970149254,224.3733333
,30,100,0,1-shakingflask,1-batch,1-open,50,20,1.5,na,247,5.43,1,1,na,10,0,7.5,na,0,na,0,IPTG,1,isopropanol,3,8,0,1,-317,0,0,1,-0.080597015,0.61212963,pcc7942,e,88,1,0,1-genomic,pyruvate,6,6,0,na,"laci,thl.atoad,adc,adhe,pta,pdhabcd7942",480,1.611940299,293.8222222
APX,28,50,0,1-shakingflask,1-batch,1-open,250,100,0.307692308,na,247,5.43,0.4,0,na,0,0,7.5,na,0,na,0,na,0,ethanol,2,6,0,1,-276,0,0,0,na,1.913393756,pcc7942,b,89,0,0,1-genomic,pyruvate,2,2,0,na,"adh,pdc",4800,na,918.429003
APX-GK,28,50,0,1-shakingflask,1-batch,1-open,250,100,0.307692308,na,247,5.43,0.4,0,na,0,0,7.5,na,0,na,0,na,0,ethanol,2,6,0,1,-276,0,0,0,na,4.292547835,pcc7942,b,89,0,1,1-genomic,pyruvate,2,2,0,glgc,"adh,pdc",4800,na,2060.422961
FMB1236,30,100,0,na,1-batch,1-open,na,na,na,na,247,5.43,5,0,na,0,0,7.5,na,0,na,0,IPTG,1,farnesene,15,24,0,0,94.79,0,0,0,na,0,pcc7942,b,91,0,0,1-genomic,"Pyruvate, G3P",10,4,0,na,"dxs,idi,ispA,AFS",240,na,0
FMB1237,30,100,0,na,1-batch,1-open,na,na,na,na,247,5.43,5,0,na,0,0,7.5,na,0,na,0,IPTG,1,farnesene,15,24,0,0,94.79,0,0,0,na,0.004166667,pcc7942,b,91,0,0,1-genomic,"Pyruvate, G3P",10,4,0,na,"dxs,idi,ispA,AFS",240,na,0.1
FMB0185,30,100,0,na,1-batch,1-open,na,na,na,na,247,5.43,5,0,na,0,0,7.5,na,0,na,0,IPTG,1,farnesene,15,24,0,0,94.79,0,0,0,na,0.222916667,pcc7942,b,91,0,0,1-genomic,"Pyruvate, G3P",10,4,0,na,"dxs,idi,ispA,AFS",240,na,5.35
FMB1238,30,100,0,na,1-batch,1-open,na,na,na,na,247,5.43,5,0,na,0,0,7.5,na,0,na,0,IPTG,1,farnesene,15,24,0,0,94.79,0,0,1,na,0.235833333,pcc7942,b,91,0,0,1-genomic,"Pyruvate, G3P",10,4,0,na,"dxs,idi,ispA,AFS",240,na,5.66
FMB1238,30,100,0,na,1-batch,1-open,na,na,1,na,247,5.43,5,0,na,0,0,7.5,na,0,na,0,IPTG,1,farnesene,15,24,0,0,94.79,0,0,1,0.01655506,0.023493976,pcc7942,b,91,0,0,1-genomic,"Pyruvate, G3P",10,4,0,na,"dxs,idi,ispA,AFS",240,3.973214286,5.638554217
FMB1239,30,100,0,na,1-batch,1-open,na,na,1,na,247,5.43,5,0,na,0,0,7.5,na,0,na,0,IPTG,1,farnesene,15,24,0,0,94.79,0,0,1,0.032738095,0.042695783,pcc7942,b,91,1,0,1-genomic,"Pyruvate, G3P",10,4,0,na,"dxs,idi,ispA,AFS",240,7.857142857,10.24698795
FMB1239,30,100,0,na,1-batch,1-open,na,na,1,na,247,5.43,5,0,na,0,0,7.5,na,0,na,0,IPTG,1,farnesene,15,24,0,0,94.79,0,0,1,0.01942791,0.02999498,pcc7942,b,91,1,0,1-genomic,"Pyruvate, G3P",10,4,0,na,"dxs,idi,ispA,AFS",432,8.392857143,12.95783133
o-efe,30,50,0,1-shakingflask,1-batch,1-open,250,100,0.1,na,247,5.43,1,0,na,0,0,8,na,0,na,0,IPTG,1,ethylene,2,4,0,0,52.47,0,0,0,0.009730114,0.088540305,pcc7942,e,92,1,0,1-genomic,"2OG, arginine",1,1,0,na,efe,96,1.034090909,na
sy-efeh,30,50,0,1-shakingflask,1-batch,1-open,250,100,0.1,na,247,5.43,1,0,na,0,0,8,na,0,na,0,IPTG,1,ethylene,2,4,0,0,52.47,0,0,0,0.009274384,0.086797386,pcc7942,e,92,1,0,1-genomic,"2OG, arginine",1,1,0,na,efe,96,0.990340909,na
o-efe,30,50,0,1-shakingflask,1-batch,1-open,250,100,0.1,na,247,5.43,1,0,na,0,0,8,na,0,na,0,IPTG,1,ethylene,2,4,0,0,52.47,0,0,0,0.009730114,0.094117647,pcc7942,e,92,1,0,1-genomic,"2OG, arginine",1,1,0,na,efe,192,1.034090909,na
sy-efeh,30,50,0,1-shakingflask,1-batch,1-open,250,100,0.1,na,247,5.43,1,0,na,0,0,8,na,0,na,0,IPTG,1,ethylene,2,4,0,0,52.47,0,0,0,0.009274384,0.10248366,pcc7942,e,92,1,0,1-genomic,"2OG, arginine",1,1,0,na,efe,192,0.990340909,na
o-efe,30,50,0,1-shakingflask,1-batch,1-open,250,100,0.1,na,247,5.43,1,0,na,0,0,8,na,0,na,0,IPTG,1,ethylene,2,4,0,0,52.47,0,0,0,0.009730114,0.090631808,pcc7942,e,92,1,0,1-genomic,"2OG, arginine",1,1,0,na,efe,288,1.034090909,na
sy-efeh,30,50,0,1-shakingflask,1-batch,1-open,250,100,0.1,na,247,5.43,1,0,na,0,0,8,na,0,na,0,IPTG,1,ethylene,2,4,0,0,52.47,0,0,0,0.009274384,0.093071895,pcc7942,e,92,1,0,1-genomic,"2OG, arginine",1,1,0,na,efe,288,0.990340909,na
o-efe,30,50,0,1-shakingflask,1-batch,1-open,250,100,0.1,na,247,5.43,1,0,na,0,0,8,na,0,na,0,IPTG,1,ethylene,2,4,0,0,52.47,0,0,0,0.009730114,0.096906318,pcc7942,e,92,1,0,1-genomic,"2OG, arginine",1,1,0,na,efe,384,1.034090909,na
sy-efeh,30,50,0,1-shakingflask,1-batch,1-open,250,100,0.1,na,247,5.43,1,0,na,0,0,8,na,0,na,0,IPTG,1,ethylene,2,4,0,0,52.47,0,0,0,0.009274384,0.128976035,pcc7942,e,92,1,0,1-genomic,"2OG, arginine",1,1,0,na,efe,384,0.990340909,na
1125,30,30,0,1-shakingflask,1-batch,1-open,250,100,0.05,na,247,5.43,0.04,0,na,0,150,na,na,0,na,0,na,0,sucrose,12,22,0,11,-2221.2,0,0,0,0.006565657,0,pcc7942,i,93,0,1,1-genomic,G3P,4,0,0,philn,na,24,0.157575758,0
1404,30,30,0,1-shakingflask,1-batch,1-open,250,100,0.05,na,247,5.43,0.04,0,na,0,150,na,na,0,na,0,na,0,sucrose,12,22,0,11,-2221.2,0,0,0,0.007035176,0,pcc7942,i,93,0,1,1-genomic,G3P,4,0,0,manr,na,24,0.168844221,0
wt,30,30,0,1-shakingflask,1-batch,1-open,250,100,0.05,na,247,5.43,0.04,0,na,0,150,na,na,0,na,1,na,0,sucrose,12,22,0,11,-2221.2,0,0,0,0.00625,0,pcc7942,i,93,0,0,1-genomic,G3P,4,0,0,na,na,24,0.15,0
el48,30,40,0,1-shakingflask,1-batch,2-close,250,40,na,na,247,5.43,0.04,1,na,50,0,na,na,1,na,0,IPTG,1,butyrate,4,8,0,2,-533.92,0,0,0,0.012466398,1.546538978,pcc7942,e,94,0,0,1-genomic,"acetyl-coa, malonyl-coa",7,5,0,na,"ter,npht7,tesb,phaj,phab",192,2.393548387,296.9354839
el49,30,40,0,1-shakingflask,1-batch,2-close,250,40,na,na,247,5.43,0.04,1,na,50,0,na,na,2,na,0,IPTG,1,butyrate,4,8,0,2,-533.92,0,0,0,0.012466398,1.570060484,pcc7942,e,94,0,0,1-genomic,"acetyl-coa, malonyl-coa",7,5,0,na,"ter,npht7,ycia,phaj,phab",192,2.393548387,301.4516129
el38,30,40,0,1-shakingflask,1-batch,2-close,250,40,na,na,247,5.43,0.04,1,na,50,0,na,na,3,na,0,IPTG,1,butyrate,4,8,0,2,-533.92,0,0,0,0.011954365,1.686507937,pcc7942,e,94,0,0,1-genomic,"acetyl-coa, malonyl-coa",7,6,0,na,"ter,npht7,ptb,buk,phaj,phab",192,2.295238095,323.8095238
ML1,30,40,0,1-shakingflask,1-batch,2-close,250,40,na,na,247,5.43,0.04,1,na,50,0,na,na,4,na,0,IPTG,1,butyrate,4,8,0,2,-533.92,0,0,1,0.01155754,1.838624339,pcc7942,e,94,0,0,1-genomic,"acetyl-coa, malonyl-coa",7,6,0,na,"ter,npht7,ptb,buk,phaj,phab",192,2.219047619,353.015873
ML2,30,40,0,1-shakingflask,1-batch,2-close,250,40,na,na,247,5.43,0.04,1,na,50,0,na,na,5,na,0,IPTG,1,butyrate,4,8,0,2,-533.92,0,0,0,0.011458333,1.752645503,pcc7942,e,94,0,0,1-genomic,"acetyl-coa, malonyl-coa",7,6,0,na,"ter,npht7,ptb,buk,phaj,phab",192,2.2,336.5079365
ml4,30,40,0,1-shakingflask,1-batch,2-close,250,40,na,na,247,5.43,0.04,1,na,50,0,na,na,6,na,0,IPTG,1,butyrate,4,8,0,2,-533.92,0,0,0,0.013740079,1.137566138,pcc7942,e,94,0,0,1-genomic,"acetyl-coa, malonyl-coa",7,6,0,na,"ter,npht7,ptb,buk,phaj,phab",192,2.638095238,218.4126984
ml1,30,40,0,1-shakingflask,1-batch,2-close,250,40,na,na,247,5.43,0.04,1,na,50,0,na,na,7,na,0,IPTG,1,butyrate,4,8,0,2,-533.92,0,0,1,0.005173841,1.215277778,pcc7942,e,94,0,0,1-genomic,"acetyl-coa, malonyl-coa",7,6,0,na,"ter,npht7,ptb,buk,phaj,phab",576,2.98013245,700
ml1,30,40,0,1-shakingflask,1-batch,2-close,250,40,na,na,247,5.43,0.04,1,na,50,0,na,na,7,na,0,IPTG,1,butyrate,4,8,0,2,-533.92,0,0,1,0.002851361,1.909722222,pcc7942,e,94,0,0,1-genomic,"acetyl-coa, malonyl-coa",7,6,0,na,"ter,npht7,ptb,buk,phaj,phab",576,1.642384106,1100
ml1,30,40,0,1-shakingflask,1-batch,2-close,250,40,na,na,247,5.43,0.04,1,na,100,0,na,na,8,na,0,IPTG,1,butyrate,4,8,0,2,-533.92,0,0,1,0.004430556,0.945833333,pcc7942,e,94,0,0,1-genomic,"acetyl-coa, malonyl-coa",7,6,0,na,"ter,npht7,ptb,buk,phaj,phab",720,3.19,681
ml1,30,40,0,1-shakingflask,1-batch,2-close,250,40,na,na,247,5.43,0.04,1,na,100,0,na,na,8,na,0,IPTG,1,butyrate,4,8,0,2,-533.92,0,0,1,0.002291667,1.041666667,pcc7942,e,94,0,0,1-genomic,"acetyl-coa, malonyl-coa",7,6,0,na,"ter,npht7,ptb,buk,phaj,phab",720,1.65,750
